id,graduacao,universidade,profissao,organizacao,pretende_fazer_cursos_lit,interesse_mba_lit,importante_ter_certificado,horas_semanais_estudo,como_conheceu_lit,total_modulos,modulos_iniciados,modulos_finalizados,certificados
648443203,Bacharelado,Unesp,Outros,Borracha,0,0,1,3,Saint Paul,58,3,2,0
423266690,Especialização,UNICAMP,SEM EXPERIÊNCIA,Eletrodomesticos,1,1,1,7,Mídia (revista/jornal/web),62,19,17,0
315097368,Bacharelado,UNICAMP,Engenheiro,Oleo e Gas,0,0,1,9,Google,36,3,1,0
911835279,Licenciatura,UNICAMP,Outros,Estado,1,1,1,9,Google,145,61,54,1
755852400,Especialização,FACULDADE ANHANGUERA,Engenheiro,Entretenimento,0,0,1,8,Minha empresa - benefício LITpass,33,33,29,0
792982630,SEM FORMAÇÃO,Escola Paulista de Direito,SEM EXPERIÊNCIA,Borracha,0,0,1,3,Outros,29,13,11,0
303596704,Tecnólogo,INSPER INSTITUTO DE ENSINO E PESQUISA,SEM EXPERIÊNCIA,Eletroeletronicos,0,0,1,8,Linkedin,521,190,160,1
448837351,Bacharelado,UNIVERSIDADE CRUZEIRO DO SUL,Diretor,Estado,0,0,1,4,Google,10,10,10,0
183567948,Bacharelado,FACULDADE ANHANGUERA,Analista,Estado,0,0,1,10,Instagram,27,22,17,0
800655798,MBA,FATEC,SEM EXPERIÊNCIA,Entretenimento,1,1,1,7,Saint Paul,10,8,6,0
528578522,MBA,UFRJ,Engenheiro,Laminados,1,1,1,9,Linkedin,27,16,10,0
242888309,Bacharelado,UNICAMP,Analista Senior,Oleo e Gas,0,0,1,7,YouTube,79,33,31,1
465086324,Bacharelado,UNIVERSIDADE ESTADUAL DE PONTA GROSSA,Sócio/Dono/Proprietário,Borracha,1,1,1,4,Saint Paul,30,14,11,0
722141638,Tecnólogo,CENTRO UNIVERSITÁRIO ESTÁCIO DA SÁ,SEM EXPERIÊNCIA,Siderurgica,0,0,1,8,Outros,29,25,25,0
481209236,Bacharelado,UFRJ,Sócio/Dono/Proprietário,Montadora,1,1,1,7,YouTube,27,11,8,0
744471285,Licenciatura,Escola Paulista de Direito,Gerente,Estado,1,1,1,2,Minha empresa - benefício LITpass,61,9,4,0
854934250,Bacharelado,UNIVERSIDADE CRUZEIRO DO SUL,Engenheiro,Siderurgica,1,1,1,2,Mídia (revista/jornal/web),61,27,9,0
771505780,MBA,UNICAMP,Supervisor,Entretenimento,1,1,1,4,Mídia (revista/jornal/web),23,23,23,0
776733151,SEM FORMAÇÃO,UNIVERSIDADE NOVE DE JULHO,Analista Senior,servicos,0,0,1,10,Linkedin,71,56,55,0
898827119,Bacharelado,Universidade Metodista de Sao Paulo,Advogado,Montadora,0,0,1,5,Facebook,33,4,1,0
851035152,Licenciatura,UNIP,Assessor,servicos,0,0,1,10,Linkedin,59,59,59,2
650147642,Tecnólogo,UNIVERSIDADE ESTADUAL DE PONTA GROSSA,Coordenador,Montadora,1,1,1,6,Outros,13,13,12,0
838482963,SEM FORMAÇÃO,UFF,Sócio/Dono/Proprietário,Laminados,1,1,1,3,Mídia (revista/jornal/web),116,47,38,0
567606117,Licenciatura,UNIVERSIDADE CRUZEIRO DO SUL,Diretor,Borracha,0,0,1,5,Outros,29,10,8,0
830462479,MBA,UFSCar,Supervisor,Eletroeletronicos,1,1,1,7,Outros,77,20,14,0
766780870,Tecnólogo,UFF,Diretor,e-commerce,0,0,1,5,Mídia (revista/jornal/web),194,99,82,0
224279890,MBA,UFF,SEM EXPERIÊNCIA,Estado,0,0,1,6,Mídia (revista/jornal/web),10,10,10,0
903866569,Especialização,FATEC,Coordenador,Oleo e Gas,1,1,1,7,Linkedin,77,22,14,0
675065074,MBA,UNIVERSIDADE CRUZEIRO DO SUL,Outros,Borracha,1,1,1,3,Instagram,303,48,36,0
626712462,Licenciatura,Universidade Metodista de Sao Paulo,Assessor,Laminados,1,1,1,2,Instagram,51,8,5,0
177063866,SEM FORMAÇÃO,UNIVERSIDADE ESTADUAL DE PONTA GROSSA,Analista Senior,Entretenimento,1,1,1,3,Linkedin,10,8,7,0
327103052,Tecnólogo,UFSCar,Coordenador,Estado,1,1,1,6,Outros,77,29,24,0
519317965,Especialização,FGV-RJ,Engenheiro,Borracha,1,1,1,3,Saint Paul,27,6,5,0
163577856,MBA,FACULDADE ANHANGUERA,Assessor,e-commerce,1,1,1,3,YouTube,65,9,3,0
564245818,Tecnólogo,Escola Paulista de Direito,Outros,Eletroeletronicos,0,0,1,8,Minha empresa - benefício LITpass,64,2,2,0
546039160,Especialização,UNIVERSIDADE CRUZEIRO DO SUL,Outros,Montadora,1,1,1,6,Saint Paul,40,18,17,0
307716853,Licenciatura,UFRN,Gerente,Montadora,0,0,1,10,Outros,515,211,130,2
405133375,Especialização,FACULDADE ANHANGUERA,Diretor,Borracha,1,1,1,8,Facebook,31,31,31,0
893660782,SEM FORMAÇÃO,INSPER INSTITUTO DE ENSINO E PESQUISA,Outros,servicos,0,0,1,8,Outros,197,82,53,0
687041737,Licenciatura,FGV-RJ,Analista Senior,servicos,0,0,1,9,Saint Paul,40,35,30,0
935967497,Licenciatura,CENTRO UNIVERSITÁRIO ESTÁCIO DA SÁ,Engenheiro,Entretenimento,0,0,1,7,Saint Paul,185,55,48,0
650070398,MBA,UNIVERSIDADE CRUZEIRO DO SUL,Outros,Oleo e Gas,1,1,1,5,Saint Paul,25,7,6,0
158504635,Tecnólogo,UFF,SEM EXPERIÊNCIA,Borracha,1,1,1,5,YouTube,155,112,107,5
160546184,SEM FORMAÇÃO,UNICAMP,Engenheiro,e-commerce,0,0,1,2,Facebook,22,5,1,0
196050183,Bacharelado,UFSCar,Analista Senior,Borracha,1,1,1,7,Outros,41,3,1,0
946636036,Tecnólogo,Escola Paulista de Direito,SEM EXPERIÊNCIA,Oleo e Gas,1,1,1,2,Mídia (revista/jornal/web),67,11,7,0
726018922,Tecnólogo,UNIP,SEM EXPERIÊNCIA,Oleo e Gas,0,0,1,6,Outros,61,9,6,0
381646085,Bacharelado,UEPB,Analista,Montadora,1,1,1,2,Google,40,7,4,0
441328793,Bacharelado,Escola Paulista de Direito,Analista Senior,Eletroeletronicos,1,1,1,4,Mídia (revista/jornal/web),28,2,1,0
633191269,Especialização,INSPER INSTITUTO DE ENSINO E PESQUISA,SEM EXPERIÊNCIA,Montadora,0,0,1,9,Outros,70,15,8,0
143560342,Tecnólogo,CENTRO UNIVERSITÁRIO ESTÁCIO DA SÁ,Analista Senior,Montadora,1,1,1,6,YouTube,15,15,15,1
532740924,SEM FORMAÇÃO,UFF,Engenheiro,Eletrodomesticos,1,1,1,2,Linkedin,54,5,2,0
754616550,SEM FORMAÇÃO,USP,Supervisor,e-commerce,0,0,1,10,Facebook,27,27,27,0
186720832,MBA,INSPER INSTITUTO DE ENSINO E PESQUISA,Coordenador,Siderurgica,1,1,1,6,Instagram,64,33,16,0
602776201,Bacharelado,UNIVERSIDADE NOVE DE JULHO,Gerente,Eletrodomesticos,1,1,1,9,Facebook,57,13,10,0
131586778,Licenciatura,UNIP,Advogado,Entretenimento,1,1,1,7,Instagram,115,112,111,3
411583107,Tecnólogo,UNICAMP,Diretor,Laminados,1,1,1,8,Minha empresa - benefício LITpass,22,3,3,0
727922528,Bacharelado,UNICAMP,Advogado,Oleo e Gas,1,1,1,3,Outros,21,15,11,0
696704742,Licenciatura,UEPB,SEM EXPERIÊNCIA,Entretenimento,1,1,1,7,Saint Paul,10,10,10,0
720994250,Bacharelado,UFRN,Gerente,Oleo e Gas,0,0,1,6,Google,37,10,7,0
770377469,Especialização,CENTRO UNIVERSITÁRIO ESTÁCIO DA SÁ,Sócio/Dono/Proprietário,e-commerce,0,0,1,6,Minha empresa - benefício LITpass,33,10,7,0
294480011,Tecnólogo,CENTRO UNIVERSITÁRIO ESTÁCIO DA SÁ,Advogado,Oleo e Gas,0,0,1,3,Outros,125,26,19,0
346013852,Especialização,UFSCar,Engenheiro,servicos,0,0,1,8,YouTube,10,4,1,0
817817230,Bacharelado,FATEC,SEM EXPERIÊNCIA,Eletroeletronicos,0,0,1,3,Minha empresa - benefício LITpass,116,41,34,1
238513274,Tecnólogo,UNIVERSIDADE PRESBITERIANA MACKENZIE,SEM EXPERIÊNCIA,Montadora,0,0,1,8,Saint Paul,236,51,36,0
818005322,Bacharelado,UNICAMP,SEM EXPERIÊNCIA,Montadora,1,1,1,5,Google,36,26,17,0
675940830,SEM FORMAÇÃO,UFF,Analista Senior,Siderurgica,1,1,1,9,Facebook,27,19,5,0
649747051,Especialização,Escola Paulista de Direito,Outros,Estado,0,0,1,5,Minha empresa - benefício LITpass,49,48,48,2
643598372,Tecnólogo,INSPER INSTITUTO DE ENSINO E PESQUISA,Gerente,Entretenimento,0,0,1,7,Linkedin,49,27,25,0
212592196,Licenciatura,FGV-RJ,Engenheiro,Estado,0,0,1,2,YouTube,9,9,7,0
207426331,Tecnólogo,FACULDADE ANHANGUERA,Diretor,Entretenimento,1,1,1,10,Linkedin,10,3,2,0
434966344,SEM FORMAÇÃO,UEPB,Engenheiro,servicos,1,1,1,3,Google,58,9,8,0
565992131,Bacharelado,Escola Paulista de Direito,Engenheiro,Borracha,0,0,1,4,Outros,100,27,24,0
542411524,Especialização,UFPE,Advogado,Oleo e Gas,1,1,1,10,Facebook,106,42,38,0
543666338,Bacharelado,UNICAMP,Outros,Siderurgica,1,1,1,8,Outros,454,153,84,1
581415868,Especialização,INSPER INSTITUTO DE ENSINO E PESQUISA,Sócio/Dono/Proprietário,Estado,0,0,1,6,Mídia (revista/jornal/web),11,3,2,0
144929901,Bacharelado,FGV-RJ,Supervisor,Borracha,1,1,1,3,Saint Paul,23,3,1,0
428759477,Especialização,UFRJ,Assessor,Oleo e Gas,1,1,1,3,Saint Paul,10,3,1,0
514823844,Licenciatura,FACULDADE ANHANGUERA,Outros,Entretenimento,1,1,1,4,Mídia (revista/jornal/web),116,14,11,0
788218840,SEM FORMAÇÃO,UNIVERSIDADE ESTADUAL DE PONTA GROSSA,Advogado,Borracha,0,0,1,6,Minha empresa - benefício LITpass,32,6,2,0
786216706,Especialização,FGV-RJ,Advogado,Estado,1,1,1,4,YouTube,75,56,53,0
259845508,Tecnólogo,UFPE,Engenheiro,Laminados,1,1,1,3,Instagram,64,46,42,0
949912484,Bacharelado,USP,Sócio/Dono/Proprietário,Laminados,0,0,1,4,YouTube,64,43,41,1
709187043,Licenciatura,UNIVERSIDADE NOVE DE JULHO,Analista,Eletroeletronicos,0,0,1,8,Outros,85,20,13,0
549213797,Bacharelado,UNIP,Sócio/Dono/Proprietário,Eletroeletronicos,0,0,1,5,Minha empresa - benefício LITpass,40,11,10,0
886103530,Bacharelado,UEPB,Coordenador,Entretenimento,0,0,1,7,Mídia (revista/jornal/web),40,3,1,0
334992339,Licenciatura,UEPB,Sócio/Dono/Proprietário,servicos,0,0,1,2,Minha empresa - benefício LITpass,26,6,5,0
281309958,Licenciatura,CENTRO UNIVERSITÁRIO ESTÁCIO DA SÁ,Gerente,Siderurgica,0,0,1,9,YouTube,56,22,16,0
584918097,Bacharelado,FACULDADE ANHANGUERA,Diretor,Entretenimento,1,1,1,3,Facebook,71,63,59,0
331866404,Bacharelado,UNIP,Coordenador,Montadora,0,0,1,6,Google,66,8,3,0
873280590,SEM FORMAÇÃO,UNICAMP,SEM EXPERIÊNCIA,Siderurgica,1,1,1,5,Saint Paul,37,37,37,0
732539585,Especialização,UFF,SEM EXPERIÊNCIA,Borracha,1,1,1,10,Mídia (revista/jornal/web),348,132,114,3
124987040,MBA,UNIVERSIDADE CRUZEIRO DO SUL,Gerente,Siderurgica,0,0,1,9,Instagram,61,27,23,0
703425095,MBA,UNIVERSIDADE ESTADUAL DE PONTA GROSSA,Diretor,Estado,1,1,1,2,Outros,10,2,1,0
918789957,MBA,UNICAMP,Assessor,Laminados,1,1,1,4,Google,61,60,53,2
180544191,SEM FORMAÇÃO,UNIVERSIDADE NOVE DE JULHO,Analista,Montadora,1,1,1,10,Outros,77,11,10,0
760981615,Bacharelado,UFPE,Gerente,Eletrodomesticos,0,0,1,6,Mídia (revista/jornal/web),33,7,5,0
465991037,Licenciatura,Unesp,Supervisor,Eletroeletronicos,1,1,1,3,Google,10,5,3,0
574078320,MBA,USP,Engenheiro,Eletrodomesticos,0,0,1,5,Minha empresa - benefício LITpass,29,8,7,0
392520519,MBA,FATEC,Diretor,Oleo e Gas,0,0,1,7,Instagram,27,13,9,0
193850344,Especialização,Unesp,Outros,servicos,1,1,1,8,Google,18,17,15,1
260377156,Especialização,FACULDADE ANHANGUERA,Gerente,e-commerce,1,1,1,6,YouTube,104,14,9,0
701350459,Bacharelado,UNIP,Sócio/Dono/Proprietário,Oleo e Gas,1,1,1,10,Linkedin,36,5,4,0
184984608,SEM FORMAÇÃO,UNIP,Coordenador,Entretenimento,1,1,1,6,Outros,45,17,13,0
946191629,Especialização,UNIVERSIDADE ESTADUAL DE PONTA GROSSA,Outros,servicos,0,0,1,3,Outros,352,101,77,0
578140618,Bacharelado,UNIVERSIDADE ESTADUAL DE PONTA GROSSA,Outros,Montadora,1,1,1,3,YouTube,54,50,49,0
498794061,MBA,UNIVERSIDADE CRUZEIRO DO SUL,Advogado,Entretenimento,1,1,1,9,Outros,67,18,15,0
428087014,SEM FORMAÇÃO,UNIVERSIDADE PRESBITERIANA MACKENZIE,Analista Senior,servicos,1,1,1,5,Mídia (revista/jornal/web),181,10,4,0
244935519,Bacharelado,UFSCar,Assessor,Eletroeletronicos,0,0,1,4,Saint Paul,31,7,6,0
385591186,Licenciatura,UFRN,Coordenador,Eletrodomesticos,1,1,1,5,Facebook,68,37,34,0
859852926,SEM FORMAÇÃO,UNIP,Diretor,Siderurgica,1,1,1,5,Outros,82,82,82,3
528168653,Licenciatura,INSPER INSTITUTO DE ENSINO E PESQUISA,Engenheiro,Montadora,0,0,1,9,Minha empresa - benefício LITpass,27,27,27,1
450740184,Licenciatura,UEPB,Coordenador,Siderurgica,0,0,1,4,Outros,79,52,49,1
684817168,Licenciatura,UFRJ,Diretor,Montadora,1,1,1,5,YouTube,36,5,3,0
660625347,Bacharelado,UNIP,Assessor,servicos,0,0,1,3,Google,18,5,4,0
890741849,MBA,UFPE,Advogado,Borracha,1,1,1,9,Saint Paul,10,5,3,0
715930052,Tecnólogo,UNIVERSIDADE PRESBITERIANA MACKENZIE,Assessor,Laminados,0,0,1,5,Mídia (revista/jornal/web),520,191,145,1
651638358,Tecnólogo,INSPER INSTITUTO DE ENSINO E PESQUISA,Analista Senior,Oleo e Gas,0,0,1,7,Instagram,50,42,29,0
864004107,Bacharelado,UNICAMP,Analista Senior,Eletroeletronicos,1,1,1,7,Outros,28,28,28,0
511177087,Bacharelado,UNICAMP,Engenheiro,Borracha,1,1,1,7,Instagram,123,11,4,0
287889997,Tecnólogo,UFRJ,Supervisor,Oleo e Gas,1,1,1,7,Saint Paul,27,11,9,0
688051884,Tecnólogo,UNIVERSIDADE ESTADUAL DE PONTA GROSSA,Assessor,Siderurgica,0,0,1,3,YouTube,29,3,1,0
232994688,Bacharelado,UNIVERSIDADE ESTADUAL DE PONTA GROSSA,Assessor,Estado,0,0,1,2,Minha empresa - benefício LITpass,20,3,1,0
841539551,Especialização,UNIVERSIDADE PRESBITERIANA MACKENZIE,Outros,Entretenimento,0,0,1,5,Minha empresa - benefício LITpass,27,21,16,0
888803013,Tecnólogo,FATEC,Gerente,Montadora,0,0,1,6,Outros,23,4,1,0
186473353,Licenciatura,UNIVERSIDADE NOVE DE JULHO,Engenheiro,Siderurgica,1,1,1,6,Facebook,30,8,7,0
868142369,MBA,UFRJ,Coordenador,Eletrodomesticos,1,1,1,5,Minha empresa - benefício LITpass,27,5,2,0
124936670,MBA,UFSCar,Analista,Eletrodomesticos,0,0,1,8,Google,33,3,1,0
875177496,Especialização,UNICAMP,Diretor,Entretenimento,0,0,1,10,Saint Paul,10,9,6,0
448278857,Tecnólogo,FATEC,Diretor,Montadora,0,0,1,4,Outros,58,58,58,0
571876639,MBA,FATEC,Outros,e-commerce,1,1,1,5,Mídia (revista/jornal/web),27,4,3,0
515354793,SEM FORMAÇÃO,Universidade Metodista de Sao Paulo,Diretor,Montadora,1,1,1,8,YouTube,60,7,3,0
700382367,Licenciatura,UNIVERSIDADE CRUZEIRO DO SUL,Advogado,servicos,0,0,1,9,Outros,33,10,9,0
620194695,Especialização,UFRN,Diretor,Eletrodomesticos,0,0,1,6,Saint Paul,33,3,1,0
492803428,SEM FORMAÇÃO,UFSCar,Outros,Laminados,0,0,1,3,Google,94,50,23,0
972713461,Licenciatura,INSPER INSTITUTO DE ENSINO E PESQUISA,SEM EXPERIÊNCIA,Montadora,0,0,1,6,YouTube,10,2,1,0
923124784,MBA,UNIVERSIDADE PRESBITERIANA MACKENZIE,Diretor,Borracha,0,0,1,4,Mídia (revista/jornal/web),215,23,12,0
364132379,Tecnólogo,UFRJ,Diretor,Siderurgica,1,1,1,8,Mídia (revista/jornal/web),37,7,4,0
601210465,Tecnólogo,Universidade Metodista de Sao Paulo,Advogado,Eletroeletronicos,0,0,1,9,Facebook,89,89,89,0
108434125,Bacharelado,UNIVERSIDADE ESTADUAL DE PONTA GROSSA,SEM EXPERIÊNCIA,Oleo e Gas,1,1,1,5,Mídia (revista/jornal/web),10,3,1,0
616672844,SEM FORMAÇÃO,UFRN,Assessor,servicos,0,0,1,2,Minha empresa - benefício LITpass,36,3,2,0
154224935,Tecnólogo,FACULDADE ANHANGUERA,Diretor,Siderurgica,1,1,1,6,Facebook,122,44,40,1
582677495,Especialização,UFRN,Supervisor,Eletrodomesticos,0,0,1,2,Mídia (revista/jornal/web),29,29,28,0
387670340,Bacharelado,UEPB,Sócio/Dono/Proprietário,Estado,1,1,1,2,Linkedin,148,19,9,0
501707729,Bacharelado,FACULDADE ANHANGUERA,Analista,Siderurgica,0,0,1,8,Outros,24,5,3,0
929651438,SEM FORMAÇÃO,INSPER INSTITUTO DE ENSINO E PESQUISA,Advogado,e-commerce,0,0,1,9,Outros,29,23,19,0
942148348,MBA,CENTRO UNIVERSITÁRIO ESTÁCIO DA SÁ,Supervisor,Laminados,0,0,1,7,Outros,22,6,4,0
353690648,SEM FORMAÇÃO,FACULDADE ANHANGUERA,Analista Senior,Laminados,0,0,1,5,Linkedin,62,14,7,0
780539710,Bacharelado,UNIVERSIDADE PRESBITERIANA MACKENZIE,Gerente,Borracha,0,0,1,5,Mídia (revista/jornal/web),63,34,29,0
771913904,Tecnólogo,FGV-RJ,Coordenador,Laminados,0,0,1,6,Facebook,81,45,33,0
868850781,MBA,USP,Diretor,Borracha,0,0,1,8,YouTube,34,9,7,0
275481063,MBA,CENTRO UNIVERSITÁRIO ESTÁCIO DA SÁ,Assessor,Eletrodomesticos,0,0,1,10,YouTube,27,26,25,0
267431588,Tecnólogo,Escola Paulista de Direito,Analista Senior,Oleo e Gas,0,0,1,4,Saint Paul,30,4,2,0
487834060,Bacharelado,UNICAMP,Assessor,Siderurgica,0,0,1,7,Google,130,77,74,0
498983297,Licenciatura,Unesp,Coordenador,Borracha,0,0,1,8,Linkedin,54,13,9,0
854609971,Bacharelado,CENTRO UNIVERSITÁRIO ESTÁCIO DA SÁ,Assessor,Laminados,0,0,1,4,Instagram,29,5,1,0
746805725,SEM FORMAÇÃO,UFRN,Diretor,Laminados,1,1,1,3,Outros,367,42,16,0
333376966,Licenciatura,UNIVERSIDADE ESTADUAL DE PONTA GROSSA,Coordenador,Eletrodomesticos,0,0,1,8,Mídia (revista/jornal/web),105,45,35,0
469962224,Tecnólogo,UFPE,Sócio/Dono/Proprietário,Estado,1,1,1,7,Facebook,23,3,2,0
940844239,SEM FORMAÇÃO,UNIVERSIDADE ESTADUAL DE PONTA GROSSA,Engenheiro,Eletroeletronicos,1,1,1,5,YouTube,10,10,9,0
726219031,Bacharelado,UFPE,Supervisor,Laminados,1,1,1,2,Linkedin,31,2,1,0
169468176,SEM FORMAÇÃO,UEPB,Gerente,Oleo e Gas,1,1,1,7,Saint Paul,33,11,8,0
501869743,Licenciatura,CENTRO UNIVERSITÁRIO ESTÁCIO DA SÁ,Assessor,Estado,1,1,1,2,YouTube,133,15,10,0
497581761,SEM FORMAÇÃO,UNIVERSIDADE PRESBITERIANA MACKENZIE,Coordenador,e-commerce,0,0,1,6,YouTube,31,2,1,0
563906051,Licenciatura,UEPB,Coordenador,Entretenimento,0,0,1,5,Mídia (revista/jornal/web),18,4,1,0
502099716,Tecnólogo,UNIVERSIDADE PRESBITERIANA MACKENZIE,Outros,Montadora,0,0,1,3,Outros,45,4,2,0
610414904,Especialização,Escola Paulista de Direito,Analista Senior,Eletroeletronicos,1,1,1,2,Mídia (revista/jornal/web),124,44,40,0
313611721,MBA,UFF,Coordenador,Laminados,1,1,1,9,Instagram,100,99,99,3
219664691,SEM FORMAÇÃO,CENTRO UNIVERSITÁRIO ESTÁCIO DA SÁ,Analista,Montadora,0,0,1,4,Outros,30,3,1,0
543702088,Licenciatura,FATEC,Outros,Montadora,1,1,1,4,Saint Paul,71,7,3,0
627958442,MBA,UNIVERSIDADE ESTADUAL DE PONTA GROSSA,Supervisor,e-commerce,1,1,1,9,Linkedin,100,99,99,0
502621691,Especialização,FGV-RJ,Assessor,Montadora,0,0,1,2,Saint Paul,88,38,37,0
118021020,Especialização,UNICAMP,Coordenador,Laminados,1,1,1,2,YouTube,138,85,78,1
433000832,Tecnólogo,UEPB,Diretor,Montadora,1,1,1,8,Saint Paul,27,5,3,0
336488706,MBA,FACULDADE ANHANGUERA,Gerente,e-commerce,1,1,1,9,Instagram,10,6,3,0
653876987,Especialização,UFSCar,Sócio/Dono/Proprietário,Eletrodomesticos,1,1,1,3,Facebook,27,10,8,0
719749751,Licenciatura,CENTRO UNIVERSITÁRIO ESTÁCIO DA SÁ,Engenheiro,Eletroeletronicos,1,1,1,6,Outros,82,56,50,0
538282734,Licenciatura,UNIVERSIDADE PRESBITERIANA MACKENZIE,Advogado,Eletroeletronicos,0,0,1,4,Outros,11,3,1,0
907305835,Bacharelado,USP,Engenheiro,Siderurgica,0,0,1,9,Mídia (revista/jornal/web),82,82,82,3
515381102,Bacharelado,UFRJ,Analista Senior,e-commerce,0,0,1,6,Outros,31,31,31,0
759176404,Bacharelado,Unesp,Coordenador,Laminados,1,1,1,7,Google,100,37,26,0
624117349,Licenciatura,UNIP,Coordenador,Montadora,0,0,1,3,Outros,54,48,46,1
530918775,MBA,UNICAMP,Assessor,Eletrodomesticos,1,1,1,9,Outros,29,15,13,0
704879372,Tecnólogo,Escola Paulista de Direito,Supervisor,servicos,1,1,1,10,Outros,152,117,116,1
946869055,Tecnólogo,UFRJ,Analista,Entretenimento,0,0,1,10,Linkedin,18,13,11,0
616336477,Bacharelado,Universidade Metodista de Sao Paulo,Sócio/Dono/Proprietário,Laminados,0,0,1,5,Mídia (revista/jornal/web),30,4,2,0
482712969,Tecnólogo,FGV-RJ,Assessor,Eletroeletronicos,1,1,1,2,Saint Paul,29,29,29,1
526982588,SEM FORMAÇÃO,UNIVERSIDADE CRUZEIRO DO SUL,Advogado,e-commerce,1,1,1,3,Saint Paul,40,11,7,0
936236055,Especialização,FGV-RJ,Coordenador,Eletrodomesticos,1,1,1,7,Linkedin,31,2,1,0
520602439,SEM FORMAÇÃO,FATEC,Analista,Entretenimento,0,0,1,2,Minha empresa - benefício LITpass,61,54,53,3
887194616,Bacharelado,UNIVERSIDADE ESTADUAL DE PONTA GROSSA,Assessor,Montadora,0,0,1,5,YouTube,100,97,97,2
907790580,SEM FORMAÇÃO,USP,SEM EXPERIÊNCIA,Estado,1,1,1,6,Google,10,4,2,0
538430545,Tecnólogo,UFPE,Advogado,Eletrodomesticos,1,1,1,5,Outros,158,99,91,0
400288454,SEM FORMAÇÃO,UEPB,Diretor,Eletroeletronicos,1,1,1,3,Facebook,55,28,20,0
477898071,Especialização,UFF,Coordenador,Siderurgica,1,1,1,4,Instagram,102,50,47,0
864711730,Tecnólogo,UNIVERSIDADE ESTADUAL DE PONTA GROSSA,Gerente,Laminados,0,0,1,8,Mídia (revista/jornal/web),77,23,18,1
653798831,Licenciatura,UNIP,Assessor,Entretenimento,1,1,1,9,Minha empresa - benefício LITpass,45,15,9,0
933632385,Bacharelado,UFSCar,Sócio/Dono/Proprietário,Borracha,0,0,1,6,Minha empresa - benefício LITpass,128,72,69,0
377226804,MBA,UNIVERSIDADE PRESBITERIANA MACKENZIE,Assessor,servicos,1,1,1,2,Saint Paul,238,117,104,0
804405774,Tecnólogo,Universidade Metodista de Sao Paulo,Outros,Eletrodomesticos,1,1,1,5,Instagram,10,8,6,0
941017204,MBA,UEPB,Engenheiro,Laminados,0,0,1,5,Facebook,134,25,18,0
227556213,Licenciatura,UFPE,Sócio/Dono/Proprietário,Siderurgica,0,0,1,5,YouTube,164,87,84,1
107641863,Tecnólogo,UNIVERSIDADE ESTADUAL DE PONTA GROSSA,Outros,Estado,0,0,1,6,YouTube,10,2,1,0
258950148,MBA,FACULDADE ANHANGUERA,Supervisor,Eletroeletronicos,1,1,1,10,Instagram,10,4,1,0
246688738,Especialização,UNIVERSIDADE NOVE DE JULHO,Outros,Estado,1,1,1,9,Saint Paul,95,24,23,0
756916824,MBA,UNIVERSIDADE ESTADUAL DE PONTA GROSSA,Assessor,Borracha,1,1,1,8,Saint Paul,114,36,26,0
966319186,Licenciatura,UNIVERSIDADE CRUZEIRO DO SUL,Engenheiro,Entretenimento,0,0,1,2,Mídia (revista/jornal/web),63,57,56,1
348316181,Licenciatura,UFF,Outros,Montadora,0,0,1,10,Saint Paul,100,99,99,3
803132432,Especialização,FGV-RJ,SEM EXPERIÊNCIA,Siderurgica,0,0,1,5,Outros,127,99,92,0
304733762,Especialização,USP,SEM EXPERIÊNCIA,servicos,0,0,1,8,Instagram,10,5,2,0
470924795,Licenciatura,UEPB,Analista Senior,Montadora,0,0,1,9,YouTube,286,209,193,0
618482358,Bacharelado,UFF,Analista Senior,Montadora,1,1,1,2,Linkedin,53,53,53,0
975729086,Especialização,UNICAMP,Analista,e-commerce,1,1,1,10,Outros,31,4,1,0
182647435,Licenciatura,USP,Analista,Borracha,0,0,1,6,Instagram,40,11,10,0
150098530,Licenciatura,INSPER INSTITUTO DE ENSINO E PESQUISA,Advogado,servicos,1,1,1,5,Minha empresa - benefício LITpass,20,2,1,0
287409910,SEM FORMAÇÃO,FACULDADE ANHANGUERA,Outros,Estado,0,0,1,4,Outros,49,35,35,1
689065265,Bacharelado,Universidade Metodista de Sao Paulo,Sócio/Dono/Proprietário,Estado,0,0,1,9,Outros,141,60,51,0
716897310,Bacharelado,CENTRO UNIVERSITÁRIO ESTÁCIO DA SÁ,Outros,Laminados,1,1,1,10,Mídia (revista/jornal/web),10,9,8,0
375760044,MBA,UFRJ,Analista,Eletrodomesticos,0,0,1,2,Linkedin,83,16,11,0
499119100,Especialização,UNIP,Sócio/Dono/Proprietário,Eletroeletronicos,0,0,1,2,YouTube,10,4,1,0
309220970,MBA,UNIVERSIDADE NOVE DE JULHO,Gerente,Eletroeletronicos,1,1,1,9,Outros,54,33,29,0
602394169,MBA,UFSCar,Gerente,Eletroeletronicos,1,1,1,8,Linkedin,33,9,7,0
459506801,Especialização,CENTRO UNIVERSITÁRIO ESTÁCIO DA SÁ,Outros,Oleo e Gas,1,1,1,7,Outros,58,12,3,0
740770497,Tecnólogo,UNIVERSIDADE CRUZEIRO DO SUL,Sócio/Dono/Proprietário,Estado,1,1,1,10,Linkedin,10,5,4,0
423905164,Tecnólogo,UNIVERSIDADE NOVE DE JULHO,Coordenador,Eletroeletronicos,1,1,1,9,Google,36,16,6,0
479007040,Licenciatura,UFRN,Supervisor,Oleo e Gas,1,1,1,10,Outros,60,14,6,0
911531275,MBA,UNIVERSIDADE PRESBITERIANA MACKENZIE,Advogado,Montadora,1,1,1,2,Outros,29,7,5,0
842542071,Licenciatura,UFRN,Analista Senior,Entretenimento,1,1,1,5,Saint Paul,10,3,1,0
901846120,Tecnólogo,UNIVERSIDADE CRUZEIRO DO SUL,Supervisor,Oleo e Gas,1,1,1,8,YouTube,39,12,3,0
423613128,Especialização,FACULDADE ANHANGUERA,Analista Senior,e-commerce,0,0,1,8,Minha empresa - benefício LITpass,10,3,2,0
184914314,Licenciatura,UFRN,Coordenador,Montadora,1,1,1,5,Mídia (revista/jornal/web),71,27,23,0
612063881,MBA,FACULDADE ANHANGUERA,Diretor,Siderurgica,1,1,1,6,Outros,59,8,4,0
758947132,Tecnólogo,UEPB,Advogado,Eletroeletronicos,0,0,1,3,Saint Paul,58,9,7,0
992653890,MBA,UFRJ,Advogado,Montadora,0,0,1,7,Minha empresa - benefício LITpass,48,5,2,0
923501103,Licenciatura,CENTRO UNIVERSITÁRIO ESTÁCIO DA SÁ,Supervisor,Siderurgica,1,1,1,5,Instagram,63,33,28,0
566859835,SEM FORMAÇÃO,CENTRO UNIVERSITÁRIO ESTÁCIO DA SÁ,Supervisor,Eletroeletronicos,0,0,1,2,Outros,256,71,41,0
575856265,Licenciatura,USP,SEM EXPERIÊNCIA,e-commerce,0,0,1,7,Outros,163,88,42,0
391726527,Licenciatura,UEPB,Sócio/Dono/Proprietário,Eletrodomesticos,1,1,1,4,Google,54,41,40,0
363523698,Tecnólogo,UNIVERSIDADE ESTADUAL DE PONTA GROSSA,Sócio/Dono/Proprietário,Laminados,1,1,1,3,Minha empresa - benefício LITpass,28,2,1,0
589234555,MBA,UNIVERSIDADE NOVE DE JULHO,SEM EXPERIÊNCIA,Eletroeletronicos,1,1,1,5,Instagram,6,1,1,0
501400137,Bacharelado,UFF,SEM EXPERIÊNCIA,Entretenimento,1,1,1,5,Outros,10,3,1,0
879031299,Tecnólogo,Escola Paulista de Direito,Analista,Oleo e Gas,1,1,1,4,YouTube,74,14,9,0
141398697,SEM FORMAÇÃO,UFRJ,Analista Senior,Oleo e Gas,1,1,1,5,Saint Paul,27,10,9,0
330203240,Bacharelado,UFSCar,Outros,Eletroeletronicos,1,1,1,7,Outros,33,4,2,0
671412866,Especialização,UFSCar,Analista,Siderurgica,0,0,1,9,Minha empresa - benefício LITpass,57,7,2,0
955466687,Bacharelado,FACULDADE ANHANGUERA,Sócio/Dono/Proprietário,servicos,1,1,1,3,Outros,277,172,148,6
780974354,Bacharelado,FATEC,Engenheiro,Estado,1,1,1,8,Minha empresa - benefício LITpass,53,13,10,0
851196764,Bacharelado,UFF,Engenheiro,Estado,0,0,1,4,Google,714,585,562,3
511475655,Tecnólogo,UFF,Analista,Eletroeletronicos,1,1,1,6,Instagram,27,2,1,0
804267866,Bacharelado,UEPB,Gerente,Montadora,0,0,1,2,Facebook,196,195,195,6
957840502,Tecnólogo,FACULDADE ANHANGUERA,Supervisor,Siderurgica,0,0,1,10,Minha empresa - benefício LITpass,54,54,54,0
513679850,Licenciatura,UEPB,Diretor,Montadora,0,0,1,7,Saint Paul,18,2,1,0
852357510,Licenciatura,Universidade Metodista de Sao Paulo,Assessor,Siderurgica,1,1,1,3,Outros,58,58,58,2
533899810,Especialização,INSPER INSTITUTO DE ENSINO E PESQUISA,Engenheiro,Oleo e Gas,0,0,1,10,Outros,35,19,16,0
686536793,MBA,UFRN,Outros,Montadora,1,1,1,10,Saint Paul,29,4,1,0
251085659,Tecnólogo,UNICAMP,Diretor,e-commerce,0,0,1,6,Linkedin,10,5,2,0
535342556,Licenciatura,Escola Paulista de Direito,Sócio/Dono/Proprietário,Laminados,0,0,1,10,Outros,403,212,193,6
799375691,MBA,CENTRO UNIVERSITÁRIO ESTÁCIO DA SÁ,Gerente,Eletrodomesticos,1,1,1,4,Facebook,134,20,10,0
738064035,Licenciatura,UNIVERSIDADE PRESBITERIANA MACKENZIE,Supervisor,Entretenimento,0,0,1,3,Google,36,18,12,0
394963607,MBA,Unesp,Sócio/Dono/Proprietário,Siderurgica,0,0,1,8,Mídia (revista/jornal/web),52,37,36,0
950236974,Tecnólogo,FACULDADE ANHANGUERA,Advogado,Siderurgica,1,1,1,9,Outros,27,7,6,0
140237118,Especialização,CENTRO UNIVERSITÁRIO ESTÁCIO DA SÁ,Engenheiro,Siderurgica,1,1,1,8,Minha empresa - benefício LITpass,317,317,317,8
961029494,Licenciatura,USP,Analista,Eletrodomesticos,1,1,1,4,Minha empresa - benefício LITpass,37,8,7,0
890796314,SEM FORMAÇÃO,FATEC,Analista Senior,Laminados,0,0,1,2,Minha empresa - benefício LITpass,30,4,1,0
931341015,Tecnólogo,USP,SEM EXPERIÊNCIA,Estado,1,1,1,5,Minha empresa - benefício LITpass,10,5,3,0
463509288,Tecnólogo,UFSCar,Engenheiro,Estado,0,0,1,4,Facebook,33,20,19,0
340132255,Especialização,UFPE,Outros,e-commerce,1,1,1,5,Linkedin,29,3,2,0
292334648,Especialização,UNICAMP,Outros,Siderurgica,0,0,1,9,Minha empresa - benefício LITpass,10,10,10,1
272167191,Tecnólogo,FACULDADE ANHANGUERA,Engenheiro,Eletroeletronicos,0,0,1,5,Google,301,96,59,0
366678195,Bacharelado,UNIVERSIDADE NOVE DE JULHO,Outros,Eletrodomesticos,1,1,1,10,YouTube,21,18,15,1
137358997,Tecnólogo,FGV-RJ,Sócio/Dono/Proprietário,Eletroeletronicos,0,0,1,9,Outros,114,29,24,0
514018857,MBA,Unesp,Diretor,servicos,0,0,1,4,Google,27,7,3,0
594927434,Especialização,UFRN,Diretor,Laminados,1,1,1,3,Outros,97,31,15,0
892468296,Especialização,UNIVERSIDADE ESTADUAL DE PONTA GROSSA,Diretor,Laminados,0,0,1,2,Google,19,16,13,0
481965726,Licenciatura,UFSCar,Engenheiro,Siderurgica,1,1,1,9,Minha empresa - benefício LITpass,27,22,17,0
225213891,MBA,UNIVERSIDADE CRUZEIRO DO SUL,Supervisor,Eletroeletronicos,1,1,1,9,Mídia (revista/jornal/web),40,39,39,0
169588942,Especialização,UFRN,Assessor,Siderurgica,1,1,1,7,Minha empresa - benefício LITpass,114,3,1,0
745935535,Licenciatura,UFRJ,Supervisor,Siderurgica,0,0,1,4,Instagram,91,38,27,0
372871317,SEM FORMAÇÃO,UNIVERSIDADE CRUZEIRO DO SUL,SEM EXPERIÊNCIA,Laminados,0,0,1,9,Saint Paul,31,31,31,0
877692206,Especialização,INSPER INSTITUTO DE ENSINO E PESQUISA,Assessor,Entretenimento,1,1,1,2,Outros,28,21,20,0
730886037,Especialização,USP,Analista Senior,Eletroeletronicos,1,1,1,9,Saint Paul,98,18,5,0
990870630,MBA,INSPER INSTITUTO DE ENSINO E PESQUISA,Engenheiro,Eletrodomesticos,1,1,1,8,Outros,218,88,70,0
310738299,Licenciatura,USP,Analista,Borracha,1,1,1,7,Mídia (revista/jornal/web),223,56,48,0
298483321,Licenciatura,FGV-RJ,Sócio/Dono/Proprietário,Montadora,0,0,1,4,Linkedin,21,12,8,0
505913176,Especialização,FACULDADE ANHANGUERA,SEM EXPERIÊNCIA,Oleo e Gas,1,1,1,5,Mídia (revista/jornal/web),9,7,3,0
433997134,Bacharelado,UNICAMP,Sócio/Dono/Proprietário,Siderurgica,1,1,1,9,YouTube,20,3,2,0
546297042,Bacharelado,Universidade Metodista de Sao Paulo,Assessor,Oleo e Gas,1,1,1,2,Instagram,30,3,2,0
107456884,Licenciatura,UFF,Gerente,Siderurgica,1,1,1,4,Linkedin,22,3,1,0
842402858,Especialização,Unesp,Diretor,e-commerce,0,0,1,4,Instagram,10,10,8,0
836965061,MBA,INSPER INSTITUTO DE ENSINO E PESQUISA,Analista,Eletroeletronicos,0,0,1,4,Facebook,45,6,3,0
760215253,Tecnólogo,FGV-RJ,Assessor,Laminados,0,0,1,2,Saint Paul,27,3,1,0
706573253,Tecnólogo,UFRN,Sócio/Dono/Proprietário,Estado,0,0,1,6,Facebook,31,3,1,0
469569935,Licenciatura,UFRJ,Outros,Laminados,0,0,1,5,Facebook,30,5,3,0
942018870,SEM FORMAÇÃO,UNIP,SEM EXPERIÊNCIA,e-commerce,1,1,1,10,YouTube,732,161,90,0
154718548,MBA,FACULDADE ANHANGUERA,Engenheiro,Eletrodomesticos,0,0,1,7,Instagram,59,32,31,0
218828204,Bacharelado,FACULDADE ANHANGUERA,Sócio/Dono/Proprietário,Oleo e Gas,1,1,1,3,Instagram,52,46,44,4
991939496,Bacharelado,UFSCar,Coordenador,Montadora,1,1,1,4,Outros,31,15,10,0
697716653,MBA,UFPE,Sócio/Dono/Proprietário,servicos,0,0,1,5,YouTube,286,265,246,0
496292170,Tecnólogo,Universidade Metodista de Sao Paulo,Gerente,Borracha,1,1,1,3,Linkedin,38,4,2,0
624520041,Bacharelado,UFF,Assessor,Eletrodomesticos,1,1,1,6,Outros,30,3,1,0
156272583,Especialização,CENTRO UNIVERSITÁRIO ESTÁCIO DA SÁ,Advogado,servicos,0,0,1,7,Google,41,13,11,0
633257830,SEM FORMAÇÃO,UFPE,Advogado,Oleo e Gas,0,0,1,2,Google,56,56,55,0
733976507,Bacharelado,UFSCar,Sócio/Dono/Proprietário,Borracha,0,0,1,3,Outros,41,3,1,0
214667852,MBA,UFF,Engenheiro,Entretenimento,1,1,1,8,Facebook,10,10,10,1
839639233,Bacharelado,FACULDADE ANHANGUERA,Engenheiro,servicos,0,0,1,5,Linkedin,41,8,6,0
229148942,Especialização,UNICAMP,Analista,Oleo e Gas,0,0,1,8,Outros,38,6,1,0
745494965,Licenciatura,INSPER INSTITUTO DE ENSINO E PESQUISA,Supervisor,Laminados,1,1,1,8,Outros,114,3,1,0
582592671,Bacharelado,USP,Advogado,Estado,1,1,1,4,Minha empresa - benefício LITpass,69,55,53,0
909970918,Bacharelado,FGV-RJ,Sócio/Dono/Proprietário,Siderurgica,0,0,1,9,Outros,40,3,1,0
588075108,Licenciatura,USP,Engenheiro,Siderurgica,0,0,1,5,Mídia (revista/jornal/web),100,18,11,0
780046980,Bacharelado,UNIVERSIDADE ESTADUAL DE PONTA GROSSA,Coordenador,Montadora,0,0,1,5,YouTube,31,31,30,0
371651672,MBA,USP,Supervisor,Siderurgica,1,1,1,6,Outros,27,25,22,0
389227298,Especialização,UNIVERSIDADE PRESBITERIANA MACKENZIE,Analista,Entretenimento,0,0,1,6,Instagram,27,7,6,0
408406873,SEM FORMAÇÃO,UFRJ,Engenheiro,servicos,1,1,1,9,Google,45,43,38,0
398979192,Especialização,CENTRO UNIVERSITÁRIO ESTÁCIO DA SÁ,Sócio/Dono/Proprietário,Montadora,0,0,1,7,Instagram,11,10,5,0
511582620,MBA,UNIVERSIDADE NOVE DE JULHO,Outros,Estado,1,1,1,2,Outros,29,4,3,0
711469065,Licenciatura,UNIVERSIDADE ESTADUAL DE PONTA GROSSA,Outros,Estado,1,1,1,2,Mídia (revista/jornal/web),21,18,14,0
212242696,Tecnólogo,CENTRO UNIVERSITÁRIO ESTÁCIO DA SÁ,Advogado,Estado,1,1,1,10,Mídia (revista/jornal/web),40,34,32,0
805724591,MBA,Unesp,Analista Senior,Eletrodomesticos,1,1,1,3,YouTube,102,40,36,0
724031159,SEM FORMAÇÃO,UNIP,Analista Senior,Oleo e Gas,0,0,1,4,Facebook,29,2,1,0
299663480,SEM FORMAÇÃO,Escola Paulista de Direito,Sócio/Dono/Proprietário,Oleo e Gas,0,0,1,7,Outros,52,2,1,0
839710730,Especialização,UFSCar,Outros,Siderurgica,1,1,1,4,Facebook,69,56,55,0
664739778,SEM FORMAÇÃO,Escola Paulista de Direito,Analista,Oleo e Gas,0,0,1,6,Google,379,128,119,3
639690471,Especialização,UNIVERSIDADE PRESBITERIANA MACKENZIE,Diretor,Montadora,1,1,1,8,Google,31,6,2,0
508792268,Bacharelado,USP,Diretor,Estado,0,0,1,10,Outros,113,19,12,0
356427987,Tecnólogo,INSPER INSTITUTO DE ENSINO E PESQUISA,Gerente,Eletroeletronicos,1,1,1,4,Saint Paul,51,19,15,0
459640203,MBA,Universidade Metodista de Sao Paulo,SEM EXPERIÊNCIA,Borracha,0,0,1,2,Saint Paul,27,3,1,0
853646011,MBA,UNIVERSIDADE CRUZEIRO DO SUL,Coordenador,Laminados,0,0,1,5,Minha empresa - benefício LITpass,10,5,3,0
835452501,Tecnólogo,UNIP,Diretor,Laminados,0,0,1,10,Google,38,6,5,0
436663853,SEM FORMAÇÃO,UNIVERSIDADE ESTADUAL DE PONTA GROSSA,Sócio/Dono/Proprietário,Oleo e Gas,0,0,1,6,Outros,27,5,1,0
241498390,SEM FORMAÇÃO,UNICAMP,Outros,Eletroeletronicos,1,1,1,6,YouTube,55,40,33,1
535031280,Especialização,UFSCar,Supervisor,Borracha,1,1,1,5,Linkedin,54,11,7,0
800308780,Bacharelado,UNIVERSIDADE CRUZEIRO DO SUL,Advogado,Borracha,0,0,1,3,Facebook,10,6,4,0
946717013,Especialização,UFRJ,Supervisor,Eletrodomesticos,0,0,1,8,Outros,31,31,27,0
944757592,MBA,FATEC,SEM EXPERIÊNCIA,servicos,1,1,1,2,Outros,84,58,55,2
256178209,SEM FORMAÇÃO,INSPER INSTITUTO DE ENSINO E PESQUISA,Outros,Laminados,0,0,1,2,Instagram,96,16,6,0
530750099,Bacharelado,FGV-RJ,Gerente,Eletrodomesticos,0,0,1,7,Outros,10,6,2,1
448970794,SEM FORMAÇÃO,UNIVERSIDADE ESTADUAL DE PONTA GROSSA,Assessor,servicos,0,0,1,6,Outros,30,3,1,0
416858286,Especialização,Unesp,Assessor,servicos,1,1,1,2,Outros,91,3,3,0
459884860,Especialização,FGV-RJ,Outros,Oleo e Gas,0,0,1,4,Facebook,31,20,13,1
184561661,Tecnólogo,UFRJ,Coordenador,e-commerce,1,1,1,10,YouTube,19,13,10,0
593063336,MBA,UNIVERSIDADE PRESBITERIANA MACKENZIE,Assessor,servicos,1,1,1,5,YouTube,22,8,6,0
701867566,MBA,UEPB,Diretor,Siderurgica,1,1,1,6,Instagram,90,29,26,0
755010764,Bacharelado,USP,Supervisor,Siderurgica,1,1,1,9,Instagram,27,16,13,0
567878038,Especialização,CENTRO UNIVERSITÁRIO ESTÁCIO DA SÁ,Coordenador,e-commerce,0,0,1,10,Outros,66,7,2,0
548734829,Tecnólogo,INSPER INSTITUTO DE ENSINO E PESQUISA,Sócio/Dono/Proprietário,Oleo e Gas,1,1,1,5,Linkedin,41,25,20,0
619062562,MBA,UFSCar,Advogado,Eletrodomesticos,1,1,1,4,Saint Paul,22,4,1,0
888777275,Bacharelado,FATEC,Diretor,Oleo e Gas,1,1,1,6,YouTube,57,4,2,0
593714996,MBA,UFSCar,Coordenador,servicos,0,0,1,3,Linkedin,250,177,173,9
277906511,Especialização,UFPE,Coordenador,e-commerce,1,1,1,8,Facebook,95,20,10,0
406278760,MBA,CENTRO UNIVERSITÁRIO ESTÁCIO DA SÁ,Sócio/Dono/Proprietário,Estado,0,0,1,9,YouTube,63,19,17,0
715202266,SEM FORMAÇÃO,UNIP,Supervisor,e-commerce,1,1,1,3,Facebook,40,39,39,0
491573662,Especialização,UNIVERSIDADE CRUZEIRO DO SUL,Advogado,Montadora,0,0,1,2,Linkedin,57,11,9,0
342965053,Especialização,UFRJ,SEM EXPERIÊNCIA,Estado,1,1,1,9,Linkedin,61,8,2,0
710300398,Licenciatura,Universidade Metodista de Sao Paulo,Coordenador,servicos,0,0,1,5,Minha empresa - benefício LITpass,359,220,166,0
998516777,SEM FORMAÇÃO,FACULDADE ANHANGUERA,Engenheiro,Eletroeletronicos,1,1,1,4,Saint Paul,99,81,77,0
852423253,SEM FORMAÇÃO,INSPER INSTITUTO DE ENSINO E PESQUISA,Analista Senior,Estado,0,0,1,8,Linkedin,176,55,46,0
426635214,MBA,Unesp,Supervisor,Montadora,1,1,1,8,Outros,31,3,1,0
342549133,Especialização,UNIP,Engenheiro,Eletroeletronicos,0,0,1,9,Facebook,40,11,4,0
747627724,SEM FORMAÇÃO,FACULDADE ANHANGUERA,Engenheiro,Laminados,0,0,1,4,Google,63,58,57,0
812710577,Especialização,UNIVERSIDADE ESTADUAL DE PONTA GROSSA,Analista,Siderurgica,0,0,1,9,Outros,58,34,32,0
309653386,Licenciatura,UEPB,Advogado,Borracha,1,1,1,3,Instagram,27,6,5,0
234480634,Bacharelado,UFF,SEM EXPERIÊNCIA,Entretenimento,0,0,1,6,Mídia (revista/jornal/web),10,10,10,0
241188544,Especialização,UNIP,Diretor,Oleo e Gas,1,1,1,3,Google,95,75,70,2
484982405,SEM FORMAÇÃO,USP,Analista Senior,Laminados,1,1,1,6,Mídia (revista/jornal/web),230,82,51,0
692631336,Licenciatura,UNIVERSIDADE PRESBITERIANA MACKENZIE,Supervisor,Eletrodomesticos,0,0,1,7,Facebook,5,3,1,0
721044866,Licenciatura,Unesp,Supervisor,Eletrodomesticos,1,1,1,10,Instagram,10,8,6,0
550799796,MBA,UNIP,Gerente,Estado,1,1,1,2,Mídia (revista/jornal/web),114,60,51,0
799393774,Licenciatura,UNIVERSIDADE PRESBITERIANA MACKENZIE,Analista Senior,Montadora,1,1,1,3,Facebook,31,9,6,0
583487618,Especialização,UNIVERSIDADE ESTADUAL DE PONTA GROSSA,Analista Senior,Oleo e Gas,1,1,1,3,YouTube,27,4,2,0
367779805,Especialização,UFRN,Analista,e-commerce,0,0,1,4,YouTube,54,26,23,0
226392467,Bacharelado,UFPE,Analista Senior,Oleo e Gas,1,1,1,7,Mídia (revista/jornal/web),29,3,1,0
602291329,Bacharelado,UFF,Sócio/Dono/Proprietário,Eletroeletronicos,0,0,1,10,Mídia (revista/jornal/web),145,74,67,1
624381673,Tecnólogo,UFRN,Analista,Montadora,1,1,1,3,Outros,128,7,2,0
158470833,Tecnólogo,Universidade Metodista de Sao Paulo,SEM EXPERIÊNCIA,Laminados,1,1,1,5,Facebook,27,2,1,0
824529317,Especialização,USP,Supervisor,Montadora,1,1,1,8,Google,68,9,4,0
236718251,Tecnólogo,CENTRO UNIVERSITÁRIO ESTÁCIO DA SÁ,Diretor,Siderurgica,1,1,1,2,Google,31,5,3,0
322155098,SEM FORMAÇÃO,INSPER INSTITUTO DE ENSINO E PESQUISA,Sócio/Dono/Proprietário,Laminados,0,0,1,4,YouTube,159,52,44,0
827284820,SEM FORMAÇÃO,UNIVERSIDADE CRUZEIRO DO SUL,Gerente,Oleo e Gas,0,0,1,9,Facebook,29,17,15,0
494475983,Licenciatura,CENTRO UNIVERSITÁRIO ESTÁCIO DA SÁ,Gerente,Laminados,1,1,1,3,Instagram,299,170,159,0
460006236,SEM FORMAÇÃO,UFPE,Assessor,Eletroeletronicos,0,0,1,7,Outros,33,3,1,0
129510068,Tecnólogo,UFPE,SEM EXPERIÊNCIA,Eletroeletronicos,1,1,1,2,Outros,29,12,7,0
117016965,MBA,UNIVERSIDADE CRUZEIRO DO SUL,Advogado,e-commerce,0,0,1,7,Linkedin,27,10,5,0
857187409,Especialização,UFRJ,Coordenador,Laminados,0,0,1,10,Minha empresa - benefício LITpass,25,7,5,0
529263912,Especialização,UNIVERSIDADE PRESBITERIANA MACKENZIE,Analista,Montadora,1,1,1,4,Linkedin,22,16,14,0
188018409,Tecnólogo,USP,Advogado,Eletrodomesticos,0,0,1,6,Instagram,37,6,2,0
155011194,SEM FORMAÇÃO,Escola Paulista de Direito,Assessor,e-commerce,1,1,1,5,Outros,181,21,5,0
267597342,MBA,UNIVERSIDADE ESTADUAL DE PONTA GROSSA,Analista Senior,Oleo e Gas,0,0,1,6,Facebook,71,23,9,0
127087051,Bacharelado,UFPE,Advogado,servicos,0,0,1,9,Outros,125,81,77,0
880046723,Bacharelado,UFSCar,Outros,Eletroeletronicos,0,0,1,4,Linkedin,27,27,27,0
990270175,Licenciatura,UNIVERSIDADE ESTADUAL DE PONTA GROSSA,Sócio/Dono/Proprietário,e-commerce,1,1,1,10,Instagram,29,8,7,0
530305188,Tecnólogo,UNIVERSIDADE PRESBITERIANA MACKENZIE,Supervisor,Siderurgica,0,0,1,8,Outros,313,104,65,0
914178683,Bacharelado,UNIVERSIDADE CRUZEIRO DO SUL,Supervisor,Eletrodomesticos,1,1,1,8,Minha empresa - benefício LITpass,10,3,2,0
317136557,Licenciatura,INSPER INSTITUTO DE ENSINO E PESQUISA,Outros,Estado,0,0,1,6,Outros,22,2,1,0
522129921,Tecnólogo,UNIVERSIDADE CRUZEIRO DO SUL,Advogado,Oleo e Gas,1,1,1,5,YouTube,37,37,37,0
311356356,Especialização,UFPE,Outros,Borracha,1,1,1,5,Saint Paul,10,6,5,0
440137802,Bacharelado,USP,Advogado,Borracha,1,1,1,6,Outros,91,90,88,4
142110368,SEM FORMAÇÃO,Unesp,Gerente,Eletrodomesticos,0,0,1,9,Minha empresa - benefício LITpass,109,41,23,0
584287228,Bacharelado,Unesp,Engenheiro,Eletroeletronicos,0,0,1,7,Instagram,54,17,14,0
208000075,SEM FORMAÇÃO,UEPB,Analista Senior,Oleo e Gas,0,0,1,9,Google,67,50,49,0
828875918,MBA,UFPE,Analista Senior,servicos,0,0,1,8,Linkedin,10,10,9,0
264603564,Tecnólogo,FGV-RJ,Diretor,Borracha,1,1,1,4,YouTube,86,26,11,0
136681393,SEM FORMAÇÃO,INSPER INSTITUTO DE ENSINO E PESQUISA,Coordenador,Montadora,1,1,1,5,Instagram,30,6,3,0
462902623,Bacharelado,UNIVERSIDADE PRESBITERIANA MACKENZIE,Analista,Estado,0,0,1,2,Google,87,36,29,0
658922299,SEM FORMAÇÃO,FATEC,Assessor,Eletroeletronicos,0,0,1,9,Outros,10,7,4,0
733099678,Especialização,FACULDADE ANHANGUERA,Advogado,Eletrodomesticos,1,1,1,9,YouTube,45,5,2,0
162497347,SEM FORMAÇÃO,INSPER INSTITUTO DE ENSINO E PESQUISA,Sócio/Dono/Proprietário,Siderurgica,1,1,1,4,Google,36,8,3,0
480683939,Especialização,CENTRO UNIVERSITÁRIO ESTÁCIO DA SÁ,Gerente,Borracha,0,0,1,4,Facebook,82,82,82,3
434671638,Especialização,UFPE,Assessor,e-commerce,1,1,1,4,Google,31,12,1,0
262639689,MBA,UNIVERSIDADE PRESBITERIANA MACKENZIE,Analista,servicos,0,0,1,5,Minha empresa - benefício LITpass,44,10,2,0
786287139,Tecnólogo,UFPE,Advogado,Montadora,0,0,1,5,Mídia (revista/jornal/web),185,58,39,0
457726356,MBA,UFF,Assessor,Oleo e Gas,1,1,1,6,Linkedin,100,99,99,0
340695557,MBA,INSPER INSTITUTO DE ENSINO E PESQUISA,Engenheiro,Borracha,1,1,1,5,Instagram,373,141,102,0
163331660,SEM FORMAÇÃO,USP,Supervisor,Entretenimento,1,1,1,6,Instagram,46,38,37,2
547519796,Tecnólogo,USP,Assessor,Montadora,1,1,1,2,Saint Paul,61,23,18,0
787003457,MBA,FGV-RJ,Gerente,Oleo e Gas,0,0,1,7,Mídia (revista/jornal/web),29,29,29,0
730027541,Especialização,FACULDADE ANHANGUERA,Engenheiro,Montadora,1,1,1,7,Minha empresa - benefício LITpass,36,10,8,0
550161242,Tecnólogo,CENTRO UNIVERSITÁRIO ESTÁCIO DA SÁ,Advogado,Entretenimento,1,1,1,3,Mídia (revista/jornal/web),33,9,8,0
688468532,Tecnólogo,UFRN,Analista,e-commerce,0,0,1,9,YouTube,31,4,3,0
950757265,Licenciatura,UNIVERSIDADE ESTADUAL DE PONTA GROSSA,Analista Senior,Laminados,0,0,1,3,Outros,74,49,47,1
951799425,SEM FORMAÇÃO,UNIVERSIDADE ESTADUAL DE PONTA GROSSA,Analista Senior,Oleo e Gas,1,1,1,2,Linkedin,159,159,158,10
879703582,Licenciatura,UFSCar,Diretor,Siderurgica,1,1,1,3,Outros,100,62,59,0
797530882,Tecnólogo,Unesp,Engenheiro,Siderurgica,0,0,1,10,Minha empresa - benefício LITpass,164,34,29,1
638778106,Especialização,FACULDADE ANHANGUERA,Advogado,Eletrodomesticos,0,0,1,10,Facebook,959,235,169,2
912264790,SEM FORMAÇÃO,FACULDADE ANHANGUERA,Gerente,Estado,1,1,1,4,YouTube,27,4,1,0
579340169,MBA,UFRN,Supervisor,Laminados,1,1,1,3,Google,27,9,5,0
630364893,Especialização,UNIVERSIDADE PRESBITERIANA MACKENZIE,Engenheiro,Entretenimento,1,1,1,5,Instagram,50,5,3,0
852931251,Tecnólogo,UFPE,Assessor,Montadora,1,1,1,7,Minha empresa - benefício LITpass,10,10,10,0
755086575,Bacharelado,UFRJ,Advogado,Laminados,0,0,1,7,Minha empresa - benefício LITpass,56,24,24,0
624621232,MBA,UNIP,Assessor,Eletroeletronicos,0,0,1,8,Outros,62,39,36,0
265275828,MBA,FGV-RJ,Analista,servicos,0,0,1,6,Mídia (revista/jornal/web),33,27,23,0
258568445,Bacharelado,UFSCar,Assessor,servicos,1,1,1,7,Saint Paul,60,11,8,0
614743529,Bacharelado,UNICAMP,Gerente,Oleo e Gas,0,0,1,9,Facebook,31,5,2,0
222993593,Bacharelado,UNIVERSIDADE NOVE DE JULHO,Coordenador,Eletroeletronicos,0,0,1,5,YouTube,28,4,2,0
316351612,Licenciatura,UNIVERSIDADE CRUZEIRO DO SUL,Engenheiro,Laminados,0,0,1,6,Saint Paul,63,33,30,0
205095347,Tecnólogo,UFRN,Gerente,Borracha,1,1,1,3,Google,203,74,55,1
794967299,Tecnólogo,UFRN,Analista,servicos,1,1,1,2,Instagram,29,3,2,0
304182058,MBA,UNIP,Coordenador,Eletroeletronicos,0,0,1,5,Outros,38,4,1,0
891720474,MBA,UNICAMP,Gerente,Laminados,0,0,1,2,Minha empresa - benefício LITpass,197,45,20,0
255684253,Tecnólogo,FATEC,Sócio/Dono/Proprietário,servicos,0,0,1,10,Mídia (revista/jornal/web),10,10,10,0
114969579,Bacharelado,UNIVERSIDADE PRESBITERIANA MACKENZIE,Analista,Oleo e Gas,0,0,1,5,Facebook,68,6,3,0
324984377,Especialização,Universidade Metodista de Sao Paulo,Outros,Borracha,0,0,1,3,YouTube,38,26,18,0
587094713,MBA,UNIVERSIDADE PRESBITERIANA MACKENZIE,Outros,Laminados,0,0,1,6,Mídia (revista/jornal/web),211,206,204,0
437601059,MBA,UFRJ,Diretor,Entretenimento,1,1,1,10,Outros,54,15,11,0
690512283,Licenciatura,UFSCar,Coordenador,Estado,1,1,1,3,Instagram,1044,395,294,4
443472540,Especialização,UNIP,Coordenador,e-commerce,1,1,1,6,Google,21,9,3,0
247664552,Tecnólogo,INSPER INSTITUTO DE ENSINO E PESQUISA,Diretor,Laminados,0,0,1,5,Mídia (revista/jornal/web),55,51,49,0
490814589,Licenciatura,UFF,Engenheiro,e-commerce,1,1,1,8,Instagram,77,23,10,0
455708873,Tecnólogo,Universidade Metodista de Sao Paulo,Analista,Laminados,0,0,1,7,Mídia (revista/jornal/web),10,2,1,0
396795526,Tecnólogo,UNIVERSIDADE PRESBITERIANA MACKENZIE,Outros,e-commerce,0,0,1,2,Instagram,21,17,14,1
715543714,Bacharelado,UNICAMP,Analista,Entretenimento,0,0,1,3,Mídia (revista/jornal/web),10,10,7,0
974922876,SEM FORMAÇÃO,CENTRO UNIVERSITÁRIO ESTÁCIO DA SÁ,Gerente,servicos,0,0,1,6,Minha empresa - benefício LITpass,217,50,27,0
842195660,SEM FORMAÇÃO,UFSCar,Analista,Montadora,1,1,1,5,Outros,26,5,3,0
429339297,Tecnólogo,UNIP,Analista Senior,e-commerce,0,0,1,5,Minha empresa - benefício LITpass,112,26,20,1
886941310,Especialização,FGV-RJ,Analista,Siderurgica,1,1,1,5,Facebook,130,86,79,0
492222315,Tecnólogo,INSPER INSTITUTO DE ENSINO E PESQUISA,Assessor,Eletrodomesticos,1,1,1,10,Facebook,124,19,9,0
206140448,Tecnólogo,UNICAMP,Analista Senior,e-commerce,0,0,1,2,Facebook,20,5,4,0
469146662,Bacharelado,Universidade Metodista de Sao Paulo,Advogado,Entretenimento,1,1,1,10,Instagram,16,4,3,0
621389039,SEM FORMAÇÃO,INSPER INSTITUTO DE ENSINO E PESQUISA,Coordenador,e-commerce,0,0,1,5,Google,137,112,110,4
698040360,Licenciatura,FACULDADE ANHANGUERA,Diretor,Siderurgica,0,0,1,9,Google,113,86,81,2
444669113,Licenciatura,Unesp,Analista,Entretenimento,1,1,1,8,Facebook,10,9,8,0
368420611,SEM FORMAÇÃO,UFSCar,Sócio/Dono/Proprietário,Borracha,1,1,1,9,Google,10,4,2,0
655359764,Bacharelado,UEPB,Assessor,Siderurgica,0,0,1,4,YouTube,21,15,9,0
839359408,Especialização,CENTRO UNIVERSITÁRIO ESTÁCIO DA SÁ,Supervisor,Eletroeletronicos,1,1,1,8,Mídia (revista/jornal/web),10,10,9,0
383349755,Bacharelado,FATEC,Sócio/Dono/Proprietário,Estado,1,1,1,4,Saint Paul,27,5,3,0
672386088,Tecnólogo,UNIVERSIDADE CRUZEIRO DO SUL,Sócio/Dono/Proprietário,e-commerce,0,0,1,6,Linkedin,30,23,18,1
307992223,SEM FORMAÇÃO,UFF,Supervisor,Montadora,0,0,1,9,Minha empresa - benefício LITpass,20,5,4,0
470381463,Tecnólogo,UNIVERSIDADE NOVE DE JULHO,Analista,e-commerce,0,0,1,6,Mídia (revista/jornal/web),31,3,1,0
222744818,SEM FORMAÇÃO,UFRN,Supervisor,Siderurgica,1,1,1,9,Google,115,67,61,0
916483374,SEM FORMAÇÃO,UFF,Supervisor,Montadora,0,0,1,3,Saint Paul,31,5,2,0
186162447,Licenciatura,UNIVERSIDADE PRESBITERIANA MACKENZIE,Supervisor,Montadora,1,1,1,7,Facebook,21,14,11,0
472225382,Tecnólogo,UNIP,Engenheiro,Eletroeletronicos,0,0,1,6,Mídia (revista/jornal/web),33,8,7,0
161167823,Especialização,FACULDADE ANHANGUERA,Supervisor,Eletrodomesticos,1,1,1,6,Outros,100,99,99,3
145273948,MBA,UNIVERSIDADE PRESBITERIANA MACKENZIE,Analista Senior,Eletrodomesticos,0,0,1,7,Facebook,21,19,16,0
146130201,Tecnólogo,FACULDADE ANHANGUERA,Engenheiro,Oleo e Gas,1,1,1,9,Outros,68,27,21,0
720060058,MBA,UNICAMP,Sócio/Dono/Proprietário,e-commerce,0,0,1,9,Minha empresa - benefício LITpass,31,2,1,0
673734015,MBA,UEPB,Outros,Oleo e Gas,1,1,1,6,Minha empresa - benefício LITpass,48,6,2,0
852036187,MBA,CENTRO UNIVERSITÁRIO ESTÁCIO DA SÁ,Assessor,Estado,1,1,1,2,Saint Paul,31,31,29,0
710714901,Especialização,UNIVERSIDADE ESTADUAL DE PONTA GROSSA,Outros,Eletroeletronicos,0,0,1,8,Instagram,26,8,7,0
261488764,MBA,UNIP,Engenheiro,Siderurgica,1,1,1,7,Outros,236,56,42,0
380591210,Bacharelado,UNICAMP,Outros,e-commerce,0,0,1,5,Mídia (revista/jornal/web),26,4,1,0
833443481,SEM FORMAÇÃO,UEPB,Advogado,Eletrodomesticos,0,0,1,6,Minha empresa - benefício LITpass,28,3,1,0
326128931,Especialização,UNICAMP,Engenheiro,servicos,1,1,1,9,Mídia (revista/jornal/web),52,20,17,0
486665390,SEM FORMAÇÃO,Universidade Metodista de Sao Paulo,SEM EXPERIÊNCIA,Siderurgica,1,1,1,5,Linkedin,31,2,1,0
731647729,Licenciatura,USP,Assessor,Siderurgica,0,0,1,7,Facebook,30,3,1,0
409170938,Bacharelado,UNICAMP,Analista Senior,Oleo e Gas,0,0,1,7,Saint Paul,33,10,6,0
734438467,Especialização,UFSCar,SEM EXPERIÊNCIA,Eletrodomesticos,1,1,1,8,Google,10,4,1,0
345991676,MBA,FACULDADE ANHANGUERA,Advogado,Oleo e Gas,0,0,1,10,Outros,11,5,2,0
977881250,Tecnólogo,UFPE,Advogado,Estado,1,1,1,8,Mídia (revista/jornal/web),79,43,41,1
275225684,Bacharelado,UNIVERSIDADE CRUZEIRO DO SUL,Coordenador,Eletroeletronicos,1,1,1,7,Outros,98,66,61,0
124165618,SEM FORMAÇÃO,Universidade Metodista de Sao Paulo,Assessor,Siderurgica,1,1,1,3,Instagram,115,65,61,0
288630580,Tecnólogo,UFF,Diretor,servicos,0,0,1,3,Mídia (revista/jornal/web),58,31,28,0
827731069,Licenciatura,UFPE,Assessor,Eletrodomesticos,1,1,1,10,Google,297,189,169,0
555737786,SEM FORMAÇÃO,UFSCar,Engenheiro,Eletroeletronicos,1,1,1,8,Linkedin,9,2,1,0
768499044,Bacharelado,Escola Paulista de Direito,Advogado,Eletrodomesticos,1,1,1,3,Minha empresa - benefício LITpass,218,160,154,5
931519213,Especialização,UNIVERSIDADE CRUZEIRO DO SUL,Coordenador,servicos,1,1,1,4,YouTube,32,6,3,0
691579835,Licenciatura,UNICAMP,Gerente,servicos,0,0,1,2,Outros,27,6,5,0
449880146,Especialização,FGV-RJ,Gerente,Oleo e Gas,1,1,1,3,Linkedin,8,8,8,0
125660211,SEM FORMAÇÃO,CENTRO UNIVERSITÁRIO ESTÁCIO DA SÁ,Outros,Entretenimento,1,1,1,8,Linkedin,35,5,3,0
290421449,Tecnólogo,UNIP,Coordenador,e-commerce,1,1,1,10,Linkedin,10,4,2,0
227320673,SEM FORMAÇÃO,UEPB,Advogado,Montadora,1,1,1,10,Mídia (revista/jornal/web),136,101,100,3
182038258,Licenciatura,FGV-RJ,Sócio/Dono/Proprietário,Siderurgica,1,1,1,3,Mídia (revista/jornal/web),209,49,40,0
740875743,Bacharelado,UNICAMP,Advogado,Estado,0,0,1,5,YouTube,18,14,14,0
170836224,Bacharelado,UNIVERSIDADE ESTADUAL DE PONTA GROSSA,Analista Senior,Oleo e Gas,0,0,1,4,Minha empresa - benefício LITpass,27,24,23,0
834408402,Especialização,Unesp,Analista Senior,Estado,0,0,1,8,Facebook,185,136,94,0
142920587,Bacharelado,UFSCar,Advogado,servicos,0,0,1,2,Linkedin,412,399,361,14
439483803,MBA,Universidade Metodista de Sao Paulo,Assessor,Entretenimento,1,1,1,3,Mídia (revista/jornal/web),21,8,2,0
823014539,MBA,UNIVERSIDADE ESTADUAL DE PONTA GROSSA,Sócio/Dono/Proprietário,Laminados,0,0,1,6,Mídia (revista/jornal/web),99,62,61,0
828679477,Tecnólogo,UNIP,Supervisor,servicos,0,0,1,7,Saint Paul,100,99,99,0
907584459,MBA,UFRN,Sócio/Dono/Proprietário,Eletroeletronicos,0,0,1,3,Google,27,27,27,0
792281852,Especialização,Escola Paulista de Direito,Supervisor,e-commerce,1,1,1,7,Mídia (revista/jornal/web),27,26,25,0
161840270,Tecnólogo,UFRN,Outros,Estado,0,0,1,3,Google,61,15,12,0
808018058,Especialização,UNIVERSIDADE ESTADUAL DE PONTA GROSSA,Analista,Laminados,1,1,1,10,Mídia (revista/jornal/web),64,7,4,0
949808898,MBA,CENTRO UNIVERSITÁRIO ESTÁCIO DA SÁ,SEM EXPERIÊNCIA,Estado,1,1,1,7,YouTube,14,8,2,0
735460179,SEM FORMAÇÃO,UFRN,Assessor,Estado,0,0,1,6,Linkedin,10,5,2,0
966851675,MBA,UNIVERSIDADE PRESBITERIANA MACKENZIE,Analista Senior,Laminados,1,1,1,2,Saint Paul,40,19,16,0
107488783,SEM FORMAÇÃO,USP,Coordenador,e-commerce,0,0,1,2,Facebook,60,33,32,0
826901775,SEM FORMAÇÃO,UNICAMP,Outros,Estado,0,0,1,7,Facebook,94,51,34,0
390912699,MBA,UNICAMP,Gerente,Estado,0,0,1,7,Outros,68,47,44,1
437244956,Tecnólogo,Unesp,Assessor,Eletroeletronicos,1,1,1,3,YouTube,21,5,3,0
839130539,MBA,USP,SEM EXPERIÊNCIA,Siderurgica,1,1,1,3,YouTube,10,5,2,0
156046202,Tecnólogo,UNIVERSIDADE NOVE DE JULHO,SEM EXPERIÊNCIA,servicos,0,0,1,4,Linkedin,64,7,2,0
997823834,MBA,FATEC,Engenheiro,Borracha,0,0,1,5,Minha empresa - benefício LITpass,82,78,68,3
931277373,Bacharelado,UFRN,Analista Senior,Estado,1,1,1,2,Minha empresa - benefício LITpass,29,4,1,0
629547331,SEM FORMAÇÃO,USP,Analista Senior,servicos,1,1,1,3,Linkedin,115,61,42,0
793337877,Tecnólogo,UFPE,Analista,Borracha,1,1,1,5,Instagram,31,2,1,0
900049992,SEM FORMAÇÃO,UNIVERSIDADE PRESBITERIANA MACKENZIE,Diretor,Montadora,0,0,1,10,Google,298,149,126,1
149817829,SEM FORMAÇÃO,UFPE,Gerente,e-commerce,1,1,1,5,Linkedin,111,30,25,1
422653769,SEM FORMAÇÃO,UFPE,Advogado,Eletroeletronicos,0,0,1,9,YouTube,89,26,14,0
953601682,Tecnólogo,UFRJ,SEM EXPERIÊNCIA,Oleo e Gas,1,1,1,5,Minha empresa - benefício LITpass,103,75,64,0
311624166,Especialização,UNIVERSIDADE ESTADUAL DE PONTA GROSSA,Advogado,servicos,0,0,1,6,YouTube,38,9,5,0
254612357,Licenciatura,Escola Paulista de Direito,Supervisor,Siderurgica,1,1,1,9,Outros,18,4,4,0
201424772,MBA,FACULDADE ANHANGUERA,Outros,Borracha,1,1,1,9,Google,67,11,5,0
902659802,Especialização,FGV-RJ,Engenheiro,Oleo e Gas,0,0,1,3,Saint Paul,969,683,633,13
653992434,Tecnólogo,UFRJ,Coordenador,Montadora,1,1,1,2,Google,215,93,89,1
468812069,Licenciatura,Universidade Metodista de Sao Paulo,Engenheiro,Montadora,0,0,1,8,Facebook,31,18,17,0
897263253,Especialização,UFF,Outros,Estado,0,0,1,4,Outros,10,4,2,0
568940942,Bacharelado,Escola Paulista de Direito,Analista Senior,Siderurgica,0,0,1,10,YouTube,253,174,171,7
262481146,MBA,UEPB,Assessor,Eletroeletronicos,0,0,1,3,YouTube,278,211,194,6
862240596,Bacharelado,Escola Paulista de Direito,Diretor,Oleo e Gas,0,0,1,2,Google,69,29,28,0
591171382,Bacharelado,Unesp,Analista,Siderurgica,0,0,1,10,Saint Paul,210,153,94,0
291164296,Tecnólogo,Unesp,Outros,Montadora,1,1,1,8,Minha empresa - benefício LITpass,29,22,20,0
455430273,MBA,CENTRO UNIVERSITÁRIO ESTÁCIO DA SÁ,Analista,e-commerce,1,1,1,3,Outros,164,163,163,5
246399022,MBA,UEPB,Analista,Eletrodomesticos,1,1,1,6,Instagram,10,3,1,0
200997624,Tecnólogo,INSPER INSTITUTO DE ENSINO E PESQUISA,Supervisor,Montadora,0,0,1,7,Minha empresa - benefício LITpass,208,137,127,1
487012635,Licenciatura,UNIVERSIDADE ESTADUAL DE PONTA GROSSA,Assessor,Siderurgica,1,1,1,10,Outros,59,33,30,0
664884291,SEM FORMAÇÃO,UFRJ,Advogado,Laminados,1,1,1,4,Linkedin,67,24,20,0
214288149,Licenciatura,UFPE,Coordenador,e-commerce,0,0,1,5,Google,21,12,9,0
546362328,Licenciatura,UNIVERSIDADE NOVE DE JULHO,Analista Senior,Laminados,1,1,1,7,Outros,31,31,31,0
597805964,MBA,UNIVERSIDADE NOVE DE JULHO,Assessor,Estado,1,1,1,3,YouTube,78,59,58,0
768326586,Especialização,UNICAMP,Diretor,Siderurgica,0,0,1,6,Saint Paul,100,45,34,0
931636016,SEM FORMAÇÃO,FATEC,Supervisor,e-commerce,1,1,1,2,Minha empresa - benefício LITpass,29,9,6,0
482978366,Licenciatura,FATEC,Assessor,e-commerce,1,1,1,3,Google,21,20,18,0
206246239,Bacharelado,UNIP,Analista,Oleo e Gas,0,0,1,3,Outros,30,26,24,2
158391086,Bacharelado,UFRJ,Analista,Eletrodomesticos,1,1,1,10,Outros,38,3,1,0
902339102,Licenciatura,UNIVERSIDADE PRESBITERIANA MACKENZIE,Analista,Estado,0,0,1,7,Instagram,10,7,5,0
783064173,MBA,UFSCar,Analista Senior,Borracha,1,1,1,6,Facebook,198,167,166,0
151049904,Bacharelado,Unesp,Advogado,Montadora,1,1,1,9,Outros,146,47,30,0
419900675,Tecnólogo,Universidade Metodista de Sao Paulo,Advogado,Laminados,0,0,1,3,Saint Paul,418,110,90,0
125167667,Tecnólogo,UFF,Engenheiro,Entretenimento,0,0,1,9,Saint Paul,85,21,17,0
937174035,MBA,UFRJ,Gerente,Borracha,1,1,1,6,Mídia (revista/jornal/web),27,14,10,0
365387468,Bacharelado,UNIVERSIDADE ESTADUAL DE PONTA GROSSA,Analista Senior,Eletrodomesticos,0,0,1,5,Minha empresa - benefício LITpass,30,4,1,0
539299211,MBA,UFRN,Supervisor,servicos,1,1,1,3,YouTube,58,39,20,0
109901211,Licenciatura,UEPB,Sócio/Dono/Proprietário,Laminados,0,0,1,6,Instagram,27,10,5,0
110870553,Tecnólogo,UNIVERSIDADE PRESBITERIANA MACKENZIE,Assessor,Eletroeletronicos,1,1,1,10,Instagram,21,12,3,0
141126831,Tecnólogo,UFF,Coordenador,servicos,0,0,1,10,Google,40,39,39,0
510702729,Bacharelado,FGV-RJ,SEM EXPERIÊNCIA,servicos,0,0,1,7,YouTube,27,4,3,0
263755883,Bacharelado,INSPER INSTITUTO DE ENSINO E PESQUISA,Advogado,Eletroeletronicos,0,0,1,5,Mídia (revista/jornal/web),27,2,1,0
669108587,Tecnólogo,CENTRO UNIVERSITÁRIO ESTÁCIO DA SÁ,SEM EXPERIÊNCIA,Eletroeletronicos,1,1,1,10,Linkedin,10,9,8,0
436673744,Tecnólogo,CENTRO UNIVERSITÁRIO ESTÁCIO DA SÁ,Analista,Eletroeletronicos,0,0,1,6,Linkedin,30,5,1,0
250914513,Bacharelado,FATEC,Assessor,Eletroeletronicos,0,0,1,6,Mídia (revista/jornal/web),40,3,2,0
788793155,MBA,UFSCar,Sócio/Dono/Proprietário,Entretenimento,0,0,1,9,Mídia (revista/jornal/web),27,8,4,0
692475862,Licenciatura,FATEC,SEM EXPERIÊNCIA,Borracha,1,1,1,9,Instagram,267,100,77,0
153302261,Especialização,UEPB,Outros,Montadora,0,0,1,8,Saint Paul,127,27,10,0
592653717,Bacharelado,UNIP,Analista Senior,Siderurgica,1,1,1,8,Facebook,258,63,42,0
158409493,Tecnólogo,UNIVERSIDADE PRESBITERIANA MACKENZIE,Coordenador,Montadora,1,1,1,7,Facebook,10,9,7,0
137018681,Licenciatura,FATEC,Diretor,Montadora,1,1,1,9,Minha empresa - benefício LITpass,62,20,17,0
411762518,SEM FORMAÇÃO,Universidade Metodista de Sao Paulo,Gerente,Siderurgica,0,0,1,8,Outros,29,15,12,0
140234502,Tecnólogo,INSPER INSTITUTO DE ENSINO E PESQUISA,Analista Senior,Eletroeletronicos,1,1,1,3,Mídia (revista/jornal/web),31,6,2,0
215625156,MBA,INSPER INSTITUTO DE ENSINO E PESQUISA,Assessor,Estado,1,1,1,10,Outros,31,31,31,0
455973027,Licenciatura,UNIP,Gerente,Eletroeletronicos,0,0,1,2,Facebook,10,10,10,0
149256475,Tecnólogo,FATEC,Supervisor,Entretenimento,1,1,1,3,Instagram,10,6,5,0
284819048,Tecnólogo,FATEC,Outros,Montadora,1,1,1,7,YouTube,41,7,1,0
448633318,Licenciatura,FATEC,Outros,Borracha,0,0,1,3,Saint Paul,422,132,115,0
560507824,SEM FORMAÇÃO,UFPE,Gerente,Oleo e Gas,0,0,1,3,Saint Paul,57,57,57,1
218635213,Bacharelado,UNIVERSIDADE PRESBITERIANA MACKENZIE,Assessor,Siderurgica,0,0,1,4,Outros,26,3,1,0
579291190,Especialização,INSPER INSTITUTO DE ENSINO E PESQUISA,Coordenador,Eletrodomesticos,1,1,1,9,Outros,68,15,14,0
778625016,MBA,UNIVERSIDADE NOVE DE JULHO,Analista,Borracha,1,1,1,10,Instagram,40,2,1,0
101426484,Tecnólogo,UFRJ,Diretor,Oleo e Gas,1,1,1,5,Outros,67,67,67,3
157116553,MBA,UNIVERSIDADE CRUZEIRO DO SUL,Engenheiro,Eletroeletronicos,1,1,1,5,Instagram,10,10,8,1
245330266,Licenciatura,INSPER INSTITUTO DE ENSINO E PESQUISA,SEM EXPERIÊNCIA,e-commerce,0,0,1,6,Saint Paul,30,11,7,0
767123629,Especialização,FATEC,Supervisor,Eletroeletronicos,1,1,1,7,Outros,31,3,1,0
837836002,Bacharelado,UFF,Diretor,Eletrodomesticos,1,1,1,10,Instagram,83,27,18,0
785937146,Bacharelado,Unesp,Gerente,Oleo e Gas,0,0,1,3,Linkedin,27,5,5,0
215689334,Bacharelado,UNIVERSIDADE PRESBITERIANA MACKENZIE,Gerente,Siderurgica,1,1,1,8,YouTube,27,27,27,0
626627266,Licenciatura,UNICAMP,Advogado,Estado,0,0,1,10,Saint Paul,57,15,7,0
212045256,MBA,UNIVERSIDADE CRUZEIRO DO SUL,Analista,e-commerce,1,1,1,7,YouTube,47,17,14,0
820189825,Especialização,UFPE,Analista,Montadora,0,0,1,3,Google,149,113,112,3
828397064,Especialização,UFRJ,Supervisor,Estado,0,0,1,2,Outros,33,12,10,0
928244673,MBA,USP,Advogado,e-commerce,1,1,1,6,Saint Paul,27,8,6,0
737306607,Licenciatura,Unesp,Coordenador,Laminados,1,1,1,5,Minha empresa - benefício LITpass,58,50,36,0
525644951,Licenciatura,Universidade Metodista de Sao Paulo,Analista Senior,Estado,1,1,1,9,Outros,29,4,1,0
329642218,Especialização,UNIVERSIDADE CRUZEIRO DO SUL,Gerente,Eletrodomesticos,0,0,1,10,Saint Paul,75,54,53,0
644272959,MBA,Universidade Metodista de Sao Paulo,Gerente,Oleo e Gas,1,1,1,6,Google,142,61,46,0
372525802,SEM FORMAÇÃO,INSPER INSTITUTO DE ENSINO E PESQUISA,Sócio/Dono/Proprietário,e-commerce,0,0,1,3,YouTube,135,16,10,0
782469219,Bacharelado,UNIVERSIDADE ESTADUAL DE PONTA GROSSA,Sócio/Dono/Proprietário,Siderurgica,0,0,1,3,Outros,27,27,27,0
536931238,Bacharelado,UFRN,SEM EXPERIÊNCIA,Siderurgica,1,1,1,4,Mídia (revista/jornal/web),51,14,9,0
555435528,MBA,CENTRO UNIVERSITÁRIO ESTÁCIO DA SÁ,Assessor,Siderurgica,0,0,1,2,Instagram,22,22,20,1
589544107,MBA,UFRN,Gerente,Eletroeletronicos,1,1,1,3,Outros,46,23,12,0
442073279,SEM FORMAÇÃO,Universidade Metodista de Sao Paulo,Sócio/Dono/Proprietário,e-commerce,1,1,1,9,Saint Paul,60,17,13,0
904998009,Especialização,UNIP,Outros,Laminados,0,0,1,7,Minha empresa - benefício LITpass,32,5,3,0
685737549,SEM FORMAÇÃO,UNIVERSIDADE PRESBITERIANA MACKENZIE,Gerente,Montadora,0,0,1,3,Minha empresa - benefício LITpass,31,2,1,0
495775900,SEM FORMAÇÃO,UFSCar,Advogado,Estado,0,0,1,8,Outros,145,52,44,0
494698794,Bacharelado,UFRN,Outros,e-commerce,1,1,1,3,Saint Paul,76,76,76,0
629993115,Especialização,UFRJ,Coordenador,servicos,1,1,1,2,Google,58,14,8,0
282446019,SEM FORMAÇÃO,Unesp,Advogado,Estado,1,1,1,8,YouTube,32,20,17,0
526533821,Licenciatura,Unesp,Supervisor,Estado,1,1,1,6,Outros,54,54,53,0
805720996,MBA,FACULDADE ANHANGUERA,Advogado,Estado,0,0,1,10,Instagram,10,10,10,1
493412912,Licenciatura,UNIVERSIDADE PRESBITERIANA MACKENZIE,Advogado,Oleo e Gas,1,1,1,9,Google,27,1,1,0
412433552,Licenciatura,UNIP,Analista Senior,Laminados,1,1,1,10,Minha empresa - benefício LITpass,88,50,48,1
696153856,MBA,UNIVERSIDADE NOVE DE JULHO,Gerente,servicos,1,1,1,2,Linkedin,33,4,2,0
787792940,Especialização,FATEC,Outros,Eletroeletronicos,1,1,1,4,Linkedin,57,6,3,0
852412772,Tecnólogo,FGV-RJ,Supervisor,Borracha,1,1,1,3,Instagram,30,12,10,0
380677426,Licenciatura,Escola Paulista de Direito,Diretor,Montadora,0,0,1,2,Minha empresa - benefício LITpass,10,10,7,0
471770264,Tecnólogo,UNIVERSIDADE ESTADUAL DE PONTA GROSSA,Outros,Borracha,0,0,1,8,Minha empresa - benefício LITpass,31,7,7,0
913242874,Bacharelado,UNIVERSIDADE CRUZEIRO DO SUL,Gerente,Eletroeletronicos,0,0,1,3,Saint Paul,11,1,1,0
708779852,SEM FORMAÇÃO,UNIVERSIDADE CRUZEIRO DO SUL,Sócio/Dono/Proprietário,Eletrodomesticos,1,1,1,3,Linkedin,29,8,6,0
155379510,Tecnólogo,UFRN,Advogado,Laminados,1,1,1,9,YouTube,10,9,7,0
882046681,SEM FORMAÇÃO,UNICAMP,Analista,Eletrodomesticos,0,0,1,9,Mídia (revista/jornal/web),25,3,1,0
777923229,Licenciatura,UNIVERSIDADE ESTADUAL DE PONTA GROSSA,Analista,Oleo e Gas,1,1,1,4,Minha empresa - benefício LITpass,31,4,1,0
905710823,Tecnólogo,CENTRO UNIVERSITÁRIO ESTÁCIO DA SÁ,Analista Senior,servicos,0,0,1,10,Outros,29,25,25,0
212800115,Tecnólogo,UFRN,Supervisor,Estado,0,0,1,9,Linkedin,443,206,181,6
897187069,Bacharelado,CENTRO UNIVERSITÁRIO ESTÁCIO DA SÁ,Analista Senior,Entretenimento,1,1,1,10,Outros,32,16,7,0
631342101,Tecnólogo,FATEC,Diretor,Montadora,0,0,1,3,Outros,64,48,36,0
640789628,Tecnólogo,UFSCar,Gerente,Montadora,0,0,1,4,Instagram,91,26,15,0
884863668,Licenciatura,FACULDADE ANHANGUERA,Analista,e-commerce,0,0,1,6,Instagram,27,10,8,0
678537673,SEM FORMAÇÃO,UNIP,Advogado,Eletrodomesticos,0,0,1,2,Outros,48,7,5,0
586896196,MBA,UNIP,Analista,Eletroeletronicos,0,0,1,3,Minha empresa - benefício LITpass,10,3,1,0
760671271,Especialização,UEPB,SEM EXPERIÊNCIA,servicos,1,1,1,3,Mídia (revista/jornal/web),64,52,51,2
617982831,MBA,UNIVERSIDADE PRESBITERIANA MACKENZIE,Assessor,Entretenimento,0,0,1,8,Minha empresa - benefício LITpass,10,5,2,0
612813288,Tecnólogo,USP,SEM EXPERIÊNCIA,Oleo e Gas,0,0,1,6,Linkedin,31,13,12,0
899901377,Licenciatura,UNIVERSIDADE NOVE DE JULHO,Assessor,Eletroeletronicos,0,0,1,7,Linkedin,99,19,11,0
198190202,Bacharelado,UNICAMP,Coordenador,Montadora,1,1,1,9,YouTube,27,7,5,0
938108078,Licenciatura,FGV-RJ,Sócio/Dono/Proprietário,Siderurgica,0,0,1,6,Outros,29,16,15,0
600863951,SEM FORMAÇÃO,FGV-RJ,Engenheiro,Oleo e Gas,0,0,1,9,YouTube,20,13,12,0
461452611,SEM FORMAÇÃO,UNIVERSIDADE CRUZEIRO DO SUL,Coordenador,e-commerce,1,1,1,2,YouTube,88,38,29,0
303667340,Licenciatura,Universidade Metodista de Sao Paulo,Outros,e-commerce,1,1,1,9,Google,261,124,116,2
781534251,Especialização,Unesp,Advogado,Oleo e Gas,1,1,1,3,Google,225,80,46,0
894987888,MBA,UFRJ,Diretor,e-commerce,1,1,1,10,Facebook,27,2,1,0
972123485,Bacharelado,UFSCar,Diretor,Eletroeletronicos,1,1,1,2,Facebook,10,4,1,0
252125788,Bacharelado,UFRJ,SEM EXPERIÊNCIA,Laminados,1,1,1,10,Mídia (revista/jornal/web),51,30,28,0
454985445,SEM FORMAÇÃO,UNIVERSIDADE NOVE DE JULHO,Assessor,Estado,1,1,1,9,Mídia (revista/jornal/web),27,6,2,0
531885524,Bacharelado,UFF,Outros,Laminados,1,1,1,4,Mídia (revista/jornal/web),69,66,38,0
580722029,Licenciatura,Unesp,Analista Senior,Eletroeletronicos,1,1,1,2,Instagram,114,3,1,0
103699004,Licenciatura,FACULDADE ANHANGUERA,Gerente,Eletrodomesticos,0,0,1,5,Minha empresa - benefício LITpass,10,10,9,0
405369107,Bacharelado,FATEC,Gerente,Eletrodomesticos,0,0,1,5,Facebook,10,9,8,0
332525638,Tecnólogo,Escola Paulista de Direito,SEM EXPERIÊNCIA,e-commerce,1,1,1,9,Minha empresa - benefício LITpass,275,54,38,0
277116522,Licenciatura,FATEC,Outros,Laminados,1,1,1,3,Facebook,117,63,53,0
222902192,Especialização,FACULDADE ANHANGUERA,Advogado,Borracha,1,1,1,2,YouTube,58,22,15,0
742426036,Licenciatura,UNIVERSIDADE CRUZEIRO DO SUL,Gerente,Oleo e Gas,1,1,1,9,Minha empresa - benefício LITpass,38,26,10,0
779300397,MBA,Escola Paulista de Direito,Analista,Entretenimento,1,1,1,8,Facebook,21,21,21,0
316130691,Especialização,CENTRO UNIVERSITÁRIO ESTÁCIO DA SÁ,Diretor,Eletroeletronicos,1,1,1,10,Minha empresa - benefício LITpass,25,11,9,0
143751772,Especialização,UNIVERSIDADE PRESBITERIANA MACKENZIE,Engenheiro,servicos,0,0,1,10,Instagram,28,10,7,0
286177709,SEM FORMAÇÃO,UFRN,Sócio/Dono/Proprietário,Eletrodomesticos,0,0,1,9,Minha empresa - benefício LITpass,277,89,74,4
985426766,Tecnólogo,UFSCar,Diretor,servicos,0,0,1,2,Facebook,26,8,7,0
424944690,MBA,UFSCar,Advogado,Siderurgica,1,1,1,6,Instagram,171,79,64,0
844309478,Especialização,FATEC,Analista,Oleo e Gas,0,0,1,6,Facebook,273,99,34,0
116314742,SEM FORMAÇÃO,FACULDADE ANHANGUERA,Analista Senior,Oleo e Gas,0,0,1,7,Minha empresa - benefício LITpass,131,84,71,4
950168056,Especialização,UNIVERSIDADE ESTADUAL DE PONTA GROSSA,Outros,Laminados,1,1,1,9,Outros,96,34,21,0
910214798,Especialização,UFF,Analista,Siderurgica,0,0,1,9,Facebook,31,31,31,0
594857098,Bacharelado,UFRN,Analista Senior,Oleo e Gas,0,0,1,2,YouTube,64,27,22,0
855577127,Licenciatura,Universidade Metodista de Sao Paulo,Engenheiro,Eletroeletronicos,0,0,1,4,Facebook,38,35,34,0
836650563,SEM FORMAÇÃO,UNIVERSIDADE PRESBITERIANA MACKENZIE,SEM EXPERIÊNCIA,Eletroeletronicos,0,0,1,5,Linkedin,33,3,2,0
744932644,Bacharelado,UNIVERSIDADE CRUZEIRO DO SUL,Coordenador,Montadora,0,0,1,3,Linkedin,118,37,19,1
539410791,Especialização,FGV-RJ,Gerente,e-commerce,1,1,1,3,Saint Paul,33,17,14,0
645721301,Bacharelado,UNIVERSIDADE NOVE DE JULHO,Engenheiro,Borracha,1,1,1,4,YouTube,10,10,10,1
486731834,Licenciatura,FATEC,Sócio/Dono/Proprietário,Entretenimento,0,0,1,6,Linkedin,33,7,6,0
301615131,Tecnólogo,UNIVERSIDADE ESTADUAL DE PONTA GROSSA,SEM EXPERIÊNCIA,servicos,1,1,1,6,Instagram,87,29,19,0
352825539,Tecnólogo,UFRJ,Outros,Oleo e Gas,0,0,1,8,Outros,31,4,2,0
712990127,Tecnólogo,UNIVERSIDADE CRUZEIRO DO SUL,Outros,Laminados,1,1,1,5,Saint Paul,35,3,1,0
396807412,Tecnólogo,INSPER INSTITUTO DE ENSINO E PESQUISA,Diretor,Laminados,0,0,1,10,Facebook,10,2,1,0
206984554,Licenciatura,UFRJ,Advogado,servicos,0,0,1,8,Minha empresa - benefício LITpass,28,5,2,0
625629132,MBA,UNIP,Sócio/Dono/Proprietário,Oleo e Gas,0,0,1,8,Outros,10,8,7,0
215615323,Licenciatura,UNIVERSIDADE PRESBITERIANA MACKENZIE,Coordenador,Estado,1,1,1,7,Facebook,27,22,22,0
682454399,MBA,UFPE,Sócio/Dono/Proprietário,Estado,0,0,1,10,Saint Paul,538,364,349,2
738108580,MBA,UFRJ,SEM EXPERIÊNCIA,Montadora,0,0,1,8,Outros,21,18,17,0
293484572,Bacharelado,Universidade Metodista de Sao Paulo,Supervisor,Eletroeletronicos,1,1,1,10,Google,10,8,7,0
951759664,MBA,UNICAMP,Sócio/Dono/Proprietário,Borracha,1,1,1,3,YouTube,89,19,13,0
106887104,Bacharelado,Universidade Metodista de Sao Paulo,Outros,Entretenimento,1,1,1,6,Facebook,71,71,71,0
146269855,Tecnólogo,UNIVERSIDADE NOVE DE JULHO,Coordenador,Siderurgica,0,0,1,2,Facebook,76,72,70,1
518189900,Bacharelado,UEPB,Outros,servicos,1,1,1,5,Google,76,72,71,5
985012872,Especialização,UFPE,Coordenador,Eletroeletronicos,1,1,1,4,Saint Paul,169,43,39,0
669547087,Bacharelado,UEPB,Gerente,Eletroeletronicos,0,0,1,3,Outros,68,13,9,0
496454839,Bacharelado,CENTRO UNIVERSITÁRIO ESTÁCIO DA SÁ,Outros,servicos,1,1,1,9,Google,100,99,99,0
833659169,Tecnólogo,UNIVERSIDADE PRESBITERIANA MACKENZIE,Gerente,Eletrodomesticos,0,0,1,9,Mídia (revista/jornal/web),29,10,8,0
191021916,MBA,UFPE,Assessor,Laminados,0,0,1,4,Google,27,19,14,0
623694047,SEM FORMAÇÃO,UFRJ,Sócio/Dono/Proprietário,Entretenimento,0,0,1,8,Facebook,40,17,16,0
749035155,Tecnólogo,UEPB,Outros,Montadora,0,0,1,5,Facebook,94,51,46,1
124539620,SEM FORMAÇÃO,UNICAMP,Assessor,Siderurgica,0,0,1,3,Outros,25,3,1,0
615743728,Licenciatura,UFSCar,Coordenador,Laminados,1,1,1,10,Google,210,67,56,0
926870863,SEM FORMAÇÃO,FGV-RJ,Analista,Eletrodomesticos,1,1,1,7,Minha empresa - benefício LITpass,58,15,7,0
384546277,Tecnólogo,CENTRO UNIVERSITÁRIO ESTÁCIO DA SÁ,Diretor,Eletrodomesticos,1,1,1,8,Outros,33,33,33,1
936807614,Licenciatura,Unesp,Sócio/Dono/Proprietário,Oleo e Gas,0,0,1,9,Outros,153,80,73,0
724772895,Bacharelado,UNIVERSIDADE ESTADUAL DE PONTA GROSSA,Supervisor,Eletroeletronicos,1,1,1,6,Google,231,210,201,4
382967919,Licenciatura,UNIP,Analista,Estado,0,0,1,9,Mídia (revista/jornal/web),601,564,556,3
970607301,Bacharelado,UEPB,SEM EXPERIÊNCIA,e-commerce,0,0,1,5,YouTube,27,6,5,0
917323882,Bacharelado,FACULDADE ANHANGUERA,Analista,Eletrodomesticos,0,0,1,3,Outros,21,19,15,1
723279705,Especialização,FACULDADE ANHANGUERA,Diretor,Eletrodomesticos,1,1,1,8,Saint Paul,38,19,15,0
516136880,Tecnólogo,UNIVERSIDADE CRUZEIRO DO SUL,Supervisor,Entretenimento,1,1,1,9,YouTube,33,5,2,0
802523865,SEM FORMAÇÃO,UEPB,Diretor,Eletrodomesticos,0,0,1,4,Saint Paul,27,26,26,0
190188897,Tecnólogo,Escola Paulista de Direito,Supervisor,e-commerce,1,1,1,6,Outros,290,81,55,0
401595968,MBA,FGV-RJ,Analista,servicos,1,1,1,7,YouTube,100,88,87,0
638152016,Especialização,UNIVERSIDADE PRESBITERIANA MACKENZIE,Outros,Montadora,1,1,1,8,Minha empresa - benefício LITpass,30,2,1,0
982725537,Bacharelado,UFSCar,Assessor,Borracha,0,0,1,2,Outros,10,9,7,0
396171669,Bacharelado,UFPE,Diretor,Siderurgica,0,0,1,9,Google,137,81,67,0
858489960,MBA,UEPB,Sócio/Dono/Proprietário,Laminados,1,1,1,9,Saint Paul,33,7,3,0
584483796,Tecnólogo,UEPB,Coordenador,Oleo e Gas,0,0,1,3,Outros,27,15,11,0
903376404,SEM FORMAÇÃO,UNICAMP,Gerente,Siderurgica,1,1,1,6,Outros,96,17,12,0
137314634,SEM FORMAÇÃO,Universidade Metodista de Sao Paulo,Diretor,Laminados,1,1,1,6,Instagram,84,13,6,0
720102874,SEM FORMAÇÃO,Unesp,Gerente,Eletroeletronicos,1,1,1,5,Linkedin,27,4,2,0
190642324,Especialização,UFRN,Coordenador,Estado,0,0,1,4,Outros,73,69,64,1
791984066,SEM FORMAÇÃO,Universidade Metodista de Sao Paulo,SEM EXPERIÊNCIA,Montadora,0,0,1,7,Google,28,26,21,0
502886519,MBA,UNIVERSIDADE ESTADUAL DE PONTA GROSSA,Coordenador,Eletrodomesticos,0,0,1,3,Facebook,33,8,2,0
981470356,SEM FORMAÇÃO,UFRN,SEM EXPERIÊNCIA,Siderurgica,0,0,1,10,Saint Paul,19,5,2,0
984448050,Especialização,Escola Paulista de Direito,SEM EXPERIÊNCIA,Eletrodomesticos,0,0,1,6,Facebook,30,3,2,0
875797093,Especialização,FATEC,Diretor,Estado,1,1,1,8,Outros,69,6,2,0
159330773,Tecnólogo,UFRN,SEM EXPERIÊNCIA,Siderurgica,0,0,1,4,Mídia (revista/jornal/web),30,11,9,0
665363666,MBA,FACULDADE ANHANGUERA,Gerente,Siderurgica,0,0,1,8,Mídia (revista/jornal/web),13,5,3,0
274495271,Tecnólogo,UNIVERSIDADE NOVE DE JULHO,Outros,Montadora,1,1,1,9,Mídia (revista/jornal/web),57,13,9,0
522760164,MBA,FACULDADE ANHANGUERA,Supervisor,Eletroeletronicos,1,1,1,5,Outros,48,35,30,1
674718028,MBA,UFPE,SEM EXPERIÊNCIA,Eletrodomesticos,1,1,1,3,Saint Paul,33,33,33,0
600008086,SEM FORMAÇÃO,USP,Supervisor,Estado,1,1,1,9,YouTube,30,25,23,0
669091908,Especialização,UNIVERSIDADE CRUZEIRO DO SUL,Sócio/Dono/Proprietário,Montadora,0,0,1,3,Instagram,27,22,22,0
702315672,MBA,UFSCar,Analista,Eletroeletronicos,0,0,1,5,Minha empresa - benefício LITpass,20,13,11,0
720430533,Tecnólogo,UNIP,Analista,Oleo e Gas,0,0,1,3,Linkedin,71,5,3,0
664027621,Bacharelado,Unesp,Sócio/Dono/Proprietário,Entretenimento,1,1,1,8,Mídia (revista/jornal/web),36,3,1,0
467874138,Especialização,CENTRO UNIVERSITÁRIO ESTÁCIO DA SÁ,Outros,Estado,0,0,1,2,Outros,33,9,8,0
262763661,SEM FORMAÇÃO,INSPER INSTITUTO DE ENSINO E PESQUISA,Coordenador,Eletroeletronicos,1,1,1,6,Linkedin,229,84,66,1
749027922,SEM FORMAÇÃO,Unesp,Coordenador,servicos,1,1,1,2,Facebook,69,21,21,0
383044720,Tecnólogo,USP,Outros,Laminados,0,0,1,10,Saint Paul,98,71,68,0
493524998,Licenciatura,UFSCar,Sócio/Dono/Proprietário,Siderurgica,0,0,1,9,Minha empresa - benefício LITpass,449,193,154,0
528659724,Tecnólogo,UFSCar,Diretor,Entretenimento,0,0,1,8,Instagram,37,13,8,0
166330623,SEM FORMAÇÃO,INSPER INSTITUTO DE ENSINO E PESQUISA,Outros,Montadora,0,0,1,2,Facebook,25,17,12,0
777644487,Tecnólogo,UNIVERSIDADE NOVE DE JULHO,SEM EXPERIÊNCIA,Estado,0,0,1,10,Mídia (revista/jornal/web),29,10,5,0
880353133,Especialização,Escola Paulista de Direito,Coordenador,Laminados,1,1,1,9,Google,21,4,2,0
714218754,Bacharelado,UNIVERSIDADE PRESBITERIANA MACKENZIE,Outros,Oleo e Gas,0,0,1,8,Linkedin,20,14,10,0
795114774,Licenciatura,Unesp,Diretor,Eletrodomesticos,1,1,1,7,Facebook,30,4,3,0
266781709,Especialização,UNIVERSIDADE NOVE DE JULHO,Analista,Entretenimento,0,0,1,4,Saint Paul,174,15,9,0
107602287,MBA,UEPB,Engenheiro,Estado,1,1,1,10,Minha empresa - benefício LITpass,145,78,61,0
509823396,Bacharelado,UNIVERSIDADE PRESBITERIANA MACKENZIE,Analista,Montadora,0,0,1,6,Facebook,10,8,3,0
460989762,Bacharelado,Universidade Metodista de Sao Paulo,Supervisor,servicos,0,0,1,7,Saint Paul,39,38,37,0
602059549,Tecnólogo,UFF,Engenheiro,servicos,1,1,1,3,YouTube,22,22,21,0
719963825,MBA,UNIVERSIDADE PRESBITERIANA MACKENZIE,Analista,Laminados,0,0,1,4,Google,405,267,231,0
265198529,Licenciatura,UNICAMP,Diretor,Siderurgica,1,1,1,3,Outros,26,3,1,0
877391747,Especialização,FATEC,Advogado,Eletroeletronicos,0,0,1,3,Minha empresa - benefício LITpass,29,2,2,0
921581233,MBA,UFRJ,SEM EXPERIÊNCIA,Estado,1,1,1,8,Instagram,67,15,12,0
741305924,Licenciatura,UFF,Analista,Eletroeletronicos,1,1,1,8,Instagram,27,10,8,0
958800073,Bacharelado,UNIVERSIDADE PRESBITERIANA MACKENZIE,Engenheiro,e-commerce,1,1,1,7,Google,32,4,1,0
119085120,Bacharelado,Unesp,Coordenador,Borracha,0,0,1,8,Instagram,134,97,88,0
350926929,SEM FORMAÇÃO,UEPB,Advogado,e-commerce,0,0,1,7,YouTube,138,82,71,0
878195704,MBA,Escola Paulista de Direito,Sócio/Dono/Proprietário,servicos,1,1,1,2,Saint Paul,37,4,3,0
779381688,SEM FORMAÇÃO,UEPB,Outros,Laminados,0,0,1,8,Facebook,210,185,157,4
426030703,Bacharelado,UNIVERSIDADE PRESBITERIANA MACKENZIE,Outros,Siderurgica,1,1,1,2,Outros,10,5,4,0
330088094,Tecnólogo,USP,Advogado,Siderurgica,0,0,1,4,Outros,150,77,73,2
696681743,MBA,UFPE,Coordenador,Entretenimento,1,1,1,3,Mídia (revista/jornal/web),149,81,51,0
967826009,Bacharelado,UNIVERSIDADE NOVE DE JULHO,Analista,Oleo e Gas,0,0,1,5,Saint Paul,10,3,1,0
520397008,Bacharelado,USP,Outros,Eletroeletronicos,0,0,1,9,Minha empresa - benefício LITpass,99,96,95,3
708830338,Tecnólogo,UFRJ,Engenheiro,Laminados,1,1,1,7,Linkedin,10,4,2,0
312567914,Especialização,UFRN,Analista Senior,e-commerce,1,1,1,4,Outros,33,10,8,0
178042197,Bacharelado,UNIVERSIDADE NOVE DE JULHO,Advogado,Entretenimento,0,0,1,9,Minha empresa - benefício LITpass,88,18,12,0
557808046,Especialização,USP,Advogado,Oleo e Gas,1,1,1,9,Outros,10,3,2,0
396467159,Especialização,UFF,Analista,Oleo e Gas,1,1,1,5,Saint Paul,18,6,3,0
816599777,Tecnólogo,UFRJ,SEM EXPERIÊNCIA,Eletrodomesticos,0,0,1,2,Outros,40,40,40,4
325461188,SEM FORMAÇÃO,UNICAMP,Coordenador,Siderurgica,0,0,1,5,YouTube,28,23,21,0
576074210,MBA,Escola Paulista de Direito,Analista,Laminados,0,0,1,2,Instagram,31,4,2,0
168176844,MBA,UNIP,Supervisor,servicos,0,0,1,4,Outros,59,5,2,0
666483521,MBA,FATEC,Analista Senior,Entretenimento,1,1,1,6,Outros,71,21,16,0
433427943,Especialização,Universidade Metodista de Sao Paulo,Sócio/Dono/Proprietário,Estado,0,0,1,4,Mídia (revista/jornal/web),134,73,70,0
464782213,SEM FORMAÇÃO,Universidade Metodista de Sao Paulo,Supervisor,Borracha,1,1,1,9,Facebook,27,27,23,1
794149262,MBA,CENTRO UNIVERSITÁRIO ESTÁCIO DA SÁ,Analista,Siderurgica,1,1,1,6,YouTube,84,58,55,0
327804286,SEM FORMAÇÃO,FATEC,Gerente,Siderurgica,1,1,1,6,Linkedin,81,20,14,0
280869902,Licenciatura,UNIVERSIDADE NOVE DE JULHO,Supervisor,Eletrodomesticos,1,1,1,6,Minha empresa - benefício LITpass,30,22,15,0
767204895,SEM FORMAÇÃO,INSPER INSTITUTO DE ENSINO E PESQUISA,Analista Senior,servicos,1,1,1,10,Saint Paul,76,35,29,1
220472901,MBA,CENTRO UNIVERSITÁRIO ESTÁCIO DA SÁ,Outros,Eletrodomesticos,1,1,1,9,Saint Paul,227,130,120,4
360469346,Licenciatura,UFRJ,Supervisor,Oleo e Gas,1,1,1,8,Google,92,17,11,0
443376431,Licenciatura,CENTRO UNIVERSITÁRIO ESTÁCIO DA SÁ,Sócio/Dono/Proprietário,Entretenimento,0,0,1,9,Saint Paul,541,307,280,0
254501191,Bacharelado,FGV-RJ,Engenheiro,Montadora,1,1,1,5,Google,207,46,35,0
718390174,Especialização,USP,Gerente,Oleo e Gas,0,0,1,7,Google,114,114,114,0
568181009,Licenciatura,Universidade Metodista de Sao Paulo,Analista,Eletroeletronicos,0,0,1,10,Linkedin,33,11,9,0
946326047,MBA,UFSCar,Engenheiro,Estado,0,0,1,10,Minha empresa - benefício LITpass,49,49,49,2
762276451,Licenciatura,UNIVERSIDADE ESTADUAL DE PONTA GROSSA,Diretor,Borracha,0,0,1,5,Outros,27,13,12,0
316836145,MBA,FATEC,Assessor,Eletrodomesticos,1,1,1,5,Instagram,54,28,23,0
879437069,Especialização,INSPER INSTITUTO DE ENSINO E PESQUISA,Advogado,Borracha,1,1,1,3,Outros,73,12,7,0
403375311,Licenciatura,FGV-RJ,Gerente,Siderurgica,1,1,1,5,Outros,33,29,25,1
498674926,SEM FORMAÇÃO,UNIVERSIDADE CRUZEIRO DO SUL,Sócio/Dono/Proprietário,servicos,1,1,1,4,Outros,164,32,27,0
662193070,Licenciatura,UFPE,Assessor,Borracha,0,0,1,10,Facebook,33,12,5,0
520158756,Tecnólogo,UNIVERSIDADE ESTADUAL DE PONTA GROSSA,Sócio/Dono/Proprietário,Laminados,1,1,1,9,YouTube,11,3,1,0
707617078,Tecnólogo,UFPE,SEM EXPERIÊNCIA,Oleo e Gas,0,0,1,6,Mídia (revista/jornal/web),97,8,4,0
511857364,MBA,UFRJ,Advogado,Eletroeletronicos,1,1,1,8,Saint Paul,88,22,15,0
603950362,Licenciatura,UNIVERSIDADE PRESBITERIANA MACKENZIE,Gerente,Eletrodomesticos,0,0,1,4,Outros,39,4,1,0
984503630,Especialização,UFSCar,Supervisor,servicos,1,1,1,2,Outros,244,117,111,3
975694530,MBA,Escola Paulista de Direito,Analista Senior,Montadora,0,0,1,5,Instagram,38,4,2,0
791407953,Bacharelado,Universidade Metodista de Sao Paulo,Analista,Eletrodomesticos,0,0,1,6,Facebook,89,25,14,0
440322959,Licenciatura,UEPB,Coordenador,Eletroeletronicos,1,1,1,2,Outros,330,289,221,0
731478444,Bacharelado,FGV-RJ,Sócio/Dono/Proprietário,Entretenimento,1,1,1,9,Mídia (revista/jornal/web),31,2,1,0
430504959,MBA,UFRN,Coordenador,Oleo e Gas,0,0,1,10,Mídia (revista/jornal/web),21,15,9,0
239437245,Licenciatura,FACULDADE ANHANGUERA,Supervisor,Oleo e Gas,1,1,1,7,Facebook,10,3,1,0
219214749,MBA,FACULDADE ANHANGUERA,Analista Senior,Entretenimento,0,0,1,5,Mídia (revista/jornal/web),81,10,5,0
631160709,SEM FORMAÇÃO,UEPB,Analista,Siderurgica,1,1,1,2,Outros,30,2,1,0
687520086,Licenciatura,UFPE,Engenheiro,Entretenimento,1,1,1,3,Outros,118,104,103,0
102863593,MBA,UFF,Coordenador,Montadora,0,0,1,6,Google,29,20,19,0
998427480,SEM FORMAÇÃO,Unesp,Engenheiro,e-commerce,0,0,1,9,Outros,152,50,26,0
488948069,MBA,USP,Supervisor,Entretenimento,1,1,1,9,Outros,85,20,11,0
106991115,Tecnólogo,CENTRO UNIVERSITÁRIO ESTÁCIO DA SÁ,Coordenador,Laminados,1,1,1,6,Mídia (revista/jornal/web),29,29,29,1
461238944,MBA,Universidade Metodista de Sao Paulo,Diretor,Entretenimento,1,1,1,8,Mídia (revista/jornal/web),40,38,36,0
689410410,Licenciatura,UEPB,Sócio/Dono/Proprietário,Eletroeletronicos,1,1,1,10,Instagram,30,18,13,1
157154447,SEM FORMAÇÃO,FATEC,Diretor,Oleo e Gas,1,1,1,5,Instagram,63,13,11,0
135413508,SEM FORMAÇÃO,UNIVERSIDADE PRESBITERIANA MACKENZIE,Engenheiro,Oleo e Gas,0,0,1,2,YouTube,10,9,7,0
545185776,SEM FORMAÇÃO,UFSCar,Coordenador,Laminados,1,1,1,4,Google,27,27,23,0
344844559,SEM FORMAÇÃO,UFRN,Outros,Montadora,1,1,1,10,Outros,11,10,6,0
405975532,SEM FORMAÇÃO,UNIP,SEM EXPERIÊNCIA,Entretenimento,0,0,1,2,Outros,698,283,180,0
487072070,Bacharelado,INSPER INSTITUTO DE ENSINO E PESQUISA,Advogado,Eletroeletronicos,0,0,1,3,Linkedin,10,5,3,0
710237043,Tecnólogo,UEPB,Assessor,Borracha,1,1,1,2,Outros,30,5,1,0
651660470,Bacharelado,Unesp,Analista,Oleo e Gas,0,0,1,8,YouTube,122,75,71,2
386784661,SEM FORMAÇÃO,UNIVERSIDADE PRESBITERIANA MACKENZIE,Assessor,servicos,1,1,1,7,Saint Paul,10,4,1,0
822134045,Tecnólogo,FACULDADE ANHANGUERA,Engenheiro,servicos,1,1,1,2,Instagram,100,12,5,0
482988613,SEM FORMAÇÃO,Universidade Metodista de Sao Paulo,SEM EXPERIÊNCIA,Estado,0,0,1,5,Facebook,38,6,1,0
235590510,MBA,UFF,Sócio/Dono/Proprietário,Estado,1,1,1,7,Minha empresa - benefício LITpass,88,9,5,0
186387442,Licenciatura,USP,Coordenador,Eletrodomesticos,0,0,1,7,Minha empresa - benefício LITpass,138,53,39,0
187191075,Bacharelado,UNIVERSIDADE PRESBITERIANA MACKENZIE,Diretor,Montadora,1,1,1,5,Linkedin,49,26,13,0
912107067,Tecnólogo,UEPB,Gerente,Borracha,1,1,1,10,Minha empresa - benefício LITpass,26,24,23,0
360722364,SEM FORMAÇÃO,UFRJ,Analista,Oleo e Gas,0,0,1,10,Outros,25,25,25,2
885623930,Licenciatura,Universidade Metodista de Sao Paulo,Coordenador,Siderurgica,1,1,1,6,Outros,29,5,2,0
696401255,Bacharelado,Escola Paulista de Direito,Supervisor,Montadora,0,0,1,8,Linkedin,66,60,31,0
936545679,MBA,UNIVERSIDADE CRUZEIRO DO SUL,Assessor,Eletrodomesticos,0,0,1,5,YouTube,100,99,99,3
288364919,Especialização,Escola Paulista de Direito,Advogado,Entretenimento,0,0,1,10,Minha empresa - benefício LITpass,27,27,25,1
426802179,Bacharelado,UNIP,Outros,Entretenimento,0,0,1,8,Facebook,55,29,28,1
321809425,Especialização,UFSCar,SEM EXPERIÊNCIA,Eletrodomesticos,0,0,1,6,Google,10,4,1,0
963049932,Especialização,FGV-RJ,Assessor,Borracha,1,1,1,4,Instagram,36,24,24,0
830680558,SEM FORMAÇÃO,UEPB,Sócio/Dono/Proprietário,Laminados,1,1,1,6,Mídia (revista/jornal/web),19,6,3,0
390146500,Especialização,UNIVERSIDADE ESTADUAL DE PONTA GROSSA,Sócio/Dono/Proprietário,Entretenimento,1,1,1,9,Outros,136,39,33,0
794173062,Tecnólogo,Escola Paulista de Direito,Coordenador,Eletroeletronicos,1,1,1,9,YouTube,56,5,2,0
733111059,SEM FORMAÇÃO,UNICAMP,Sócio/Dono/Proprietário,Montadora,1,1,1,6,YouTube,23,21,21,0
979165758,SEM FORMAÇÃO,UNIVERSIDADE ESTADUAL DE PONTA GROSSA,Coordenador,e-commerce,0,0,1,7,Outros,277,67,54,0
740756616,Bacharelado,Universidade Metodista de Sao Paulo,Advogado,Eletrodomesticos,0,0,1,5,Minha empresa - benefício LITpass,269,79,59,0
262582333,SEM FORMAÇÃO,UNIVERSIDADE ESTADUAL DE PONTA GROSSA,Sócio/Dono/Proprietário,Montadora,1,1,1,3,Facebook,21,18,15,1
423202035,SEM FORMAÇÃO,FATEC,Supervisor,Eletroeletronicos,1,1,1,8,Minha empresa - benefício LITpass,41,9,7,0
444250544,Bacharelado,UNIVERSIDADE NOVE DE JULHO,Assessor,servicos,1,1,1,4,Outros,135,42,31,0
104291879,Especialização,Unesp,Analista Senior,Borracha,1,1,1,8,Linkedin,21,18,15,1
559084027,Especialização,UNIVERSIDADE NOVE DE JULHO,Diretor,Estado,0,0,1,10,YouTube,54,48,46,1
420565722,Bacharelado,CENTRO UNIVERSITÁRIO ESTÁCIO DA SÁ,Assessor,Siderurgica,0,0,1,7,Minha empresa - benefício LITpass,20,6,5,0
336911180,Licenciatura,UFF,Supervisor,servicos,1,1,1,9,Linkedin,56,9,6,0
674076666,Licenciatura,UFF,SEM EXPERIÊNCIA,Eletrodomesticos,1,1,1,7,Minha empresa - benefício LITpass,27,20,13,0
941441735,Licenciatura,UFRN,SEM EXPERIÊNCIA,Oleo e Gas,0,0,1,6,Outros,30,24,23,1
142066187,Tecnólogo,Unesp,Diretor,Entretenimento,0,0,1,8,Linkedin,20,4,3,0
805273817,Especialização,UFSCar,Analista Senior,Eletrodomesticos,0,0,1,5,Minha empresa - benefício LITpass,81,31,16,0
360643548,Especialização,UFRN,Outros,Oleo e Gas,0,0,1,6,Linkedin,54,40,30,1
518596622,MBA,Escola Paulista de Direito,Sócio/Dono/Proprietário,Eletroeletronicos,0,0,1,9,Facebook,85,13,10,0
651393168,Especialização,UNIVERSIDADE NOVE DE JULHO,Supervisor,servicos,1,1,1,2,Google,112,25,15,0
426048872,Bacharelado,INSPER INSTITUTO DE ENSINO E PESQUISA,SEM EXPERIÊNCIA,Oleo e Gas,1,1,1,9,Outros,178,77,60,2
477368339,MBA,USP,Sócio/Dono/Proprietário,Borracha,1,1,1,8,Saint Paul,39,7,3,0
290264148,Especialização,UNICAMP,Supervisor,Estado,0,0,1,7,Mídia (revista/jornal/web),114,4,1,0
565815296,Bacharelado,UNIVERSIDADE NOVE DE JULHO,Analista,Siderurgica,0,0,1,5,Minha empresa - benefício LITpass,29,9,9,0
929335982,MBA,CENTRO UNIVERSITÁRIO ESTÁCIO DA SÁ,SEM EXPERIÊNCIA,Entretenimento,0,0,1,9,Linkedin,89,37,35,1
294823804,SEM FORMAÇÃO,CENTRO UNIVERSITÁRIO ESTÁCIO DA SÁ,Analista,Entretenimento,0,0,1,6,Google,150,47,39,0
115190972,Licenciatura,UNIVERSIDADE ESTADUAL DE PONTA GROSSA,Diretor,Eletroeletronicos,0,0,1,3,YouTube,88,5,1,0
755366049,Bacharelado,FGV-RJ,Assessor,Eletrodomesticos,0,0,1,8,Minha empresa - benefício LITpass,61,61,61,6
573445428,Bacharelado,UFPE,Assessor,Laminados,0,0,1,8,Outros,153,60,57,0
906418951,Bacharelado,UFPE,Sócio/Dono/Proprietário,Montadora,0,0,1,2,Mídia (revista/jornal/web),165,70,43,0
272264722,Tecnólogo,UFPE,Supervisor,Eletrodomesticos,1,1,1,10,Mídia (revista/jornal/web),138,101,100,0
542128949,Licenciatura,UFF,SEM EXPERIÊNCIA,Borracha,0,0,1,10,Linkedin,99,67,65,2
355397124,Tecnólogo,UNIVERSIDADE NOVE DE JULHO,Supervisor,servicos,1,1,1,10,Minha empresa - benefício LITpass,119,116,113,0
865766620,Bacharelado,UNIP,Gerente,Montadora,1,1,1,2,YouTube,27,3,2,0
530365956,MBA,Universidade Metodista de Sao Paulo,Assessor,Eletroeletronicos,1,1,1,6,Minha empresa - benefício LITpass,21,13,11,0
141776567,SEM FORMAÇÃO,FATEC,SEM EXPERIÊNCIA,Eletrodomesticos,0,0,1,5,Facebook,10,6,3,0
779483316,Licenciatura,USP,Diretor,Eletrodomesticos,0,0,1,6,Saint Paul,138,41,34,0
101631186,Tecnólogo,UNIVERSIDADE ESTADUAL DE PONTA GROSSA,Analista,Laminados,1,1,1,3,Mídia (revista/jornal/web),199,18,11,0
204303471,MBA,Escola Paulista de Direito,Analista Senior,Entretenimento,0,0,1,8,Instagram,635,346,267,1
548586558,Especialização,Escola Paulista de Direito,Engenheiro,servicos,0,0,1,6,Outros,10,7,4,0
220445961,MBA,UNICAMP,SEM EXPERIÊNCIA,Montadora,0,0,1,6,Mídia (revista/jornal/web),94,47,40,0
282135861,Tecnólogo,CENTRO UNIVERSITÁRIO ESTÁCIO DA SÁ,Diretor,Oleo e Gas,0,0,1,4,Outros,70,43,40,0
274528391,SEM FORMAÇÃO,UNIVERSIDADE NOVE DE JULHO,Analista,servicos,0,0,1,4,Instagram,140,59,41,1
789011342,Especialização,FACULDADE ANHANGUERA,Coordenador,Montadora,1,1,1,5,Outros,30,28,28,1
925562852,Tecnólogo,FACULDADE ANHANGUERA,Supervisor,Montadora,0,0,1,9,Instagram,29,4,2,0
308400125,SEM FORMAÇÃO,UFSCar,Supervisor,Estado,0,0,1,4,Saint Paul,10,3,1,0
985789377,Licenciatura,Unesp,Supervisor,Oleo e Gas,0,0,1,9,Outros,10,4,2,0
642609026,Especialização,USP,Outros,Oleo e Gas,0,0,1,10,Outros,88,54,43,0
994568715,MBA,UNIP,Advogado,Entretenimento,0,0,1,8,Outros,10,2,1,0
923628020,Bacharelado,UFF,Supervisor,Entretenimento,1,1,1,7,Linkedin,121,105,100,0
795403275,MBA,Universidade Metodista de Sao Paulo,SEM EXPERIÊNCIA,Borracha,0,0,1,9,Google,10,3,1,0
434381120,Bacharelado,UFRN,Supervisor,servicos,0,0,1,6,Linkedin,111,26,16,0
402676583,Tecnólogo,USP,Gerente,Eletrodomesticos,0,0,1,4,Instagram,30,30,30,0
785757920,Tecnólogo,UFPE,Advogado,Eletrodomesticos,1,1,1,6,Minha empresa - benefício LITpass,28,8,6,0
801451872,Tecnólogo,Unesp,Advogado,Borracha,0,0,1,3,Google,28,8,4,0
262479690,MBA,UNIVERSIDADE ESTADUAL DE PONTA GROSSA,Diretor,Eletrodomesticos,1,1,1,10,Google,53,23,9,0
106636645,SEM FORMAÇÃO,UFRJ,Diretor,servicos,1,1,1,4,YouTube,21,21,17,0
800014624,Bacharelado,UFF,Sócio/Dono/Proprietário,Siderurgica,0,0,1,2,Outros,188,122,116,1
845891563,Tecnólogo,Universidade Metodista de Sao Paulo,Assessor,Eletroeletronicos,0,0,1,4,Minha empresa - benefício LITpass,27,14,7,0
978261466,Bacharelado,Unesp,Engenheiro,Borracha,0,0,1,3,Facebook,37,2,1,0
415430301,Especialização,UFRJ,SEM EXPERIÊNCIA,Laminados,0,0,1,2,YouTube,110,110,109,3
208472997,Licenciatura,Unesp,Analista Senior,Estado,1,1,1,4,Facebook,90,83,80,5
776708684,SEM FORMAÇÃO,Escola Paulista de Direito,Diretor,Oleo e Gas,1,1,1,5,Mídia (revista/jornal/web),10,6,3,0
588436124,Tecnólogo,UFRN,Analista Senior,e-commerce,1,1,1,4,Outros,10,4,1,0
771238689,Tecnólogo,USP,Coordenador,e-commerce,1,1,1,2,YouTube,10,3,2,0
330616156,Tecnólogo,FGV-RJ,Gerente,Borracha,0,0,1,9,Outros,69,14,11,0
870017605,Licenciatura,Universidade Metodista de Sao Paulo,Outros,Estado,0,0,1,3,Outros,31,31,31,0
849850664,Bacharelado,UNIVERSIDADE PRESBITERIANA MACKENZIE,Coordenador,Montadora,0,0,1,10,YouTube,41,12,8,0
497812228,Licenciatura,UNIP,Gerente,servicos,1,1,1,7,Outros,371,108,67,0
303154767,MBA,USP,SEM EXPERIÊNCIA,Laminados,0,0,1,5,Saint Paul,141,61,60,0
718351646,Especialização,UFRN,Outros,Entretenimento,1,1,1,2,Outros,13,11,10,0
349428768,Tecnólogo,UFF,SEM EXPERIÊNCIA,Eletrodomesticos,1,1,1,8,YouTube,120,18,7,0
334677298,MBA,UNIVERSIDADE NOVE DE JULHO,Supervisor,Oleo e Gas,1,1,1,5,Saint Paul,109,85,85,0
471009027,MBA,UNIVERSIDADE NOVE DE JULHO,Coordenador,Estado,1,1,1,4,Mídia (revista/jornal/web),31,31,27,0
298649638,Tecnólogo,UNIVERSIDADE NOVE DE JULHO,Advogado,Oleo e Gas,1,1,1,9,Mídia (revista/jornal/web),43,17,16,0
613270439,MBA,UNIVERSIDADE ESTADUAL DE PONTA GROSSA,Engenheiro,Estado,1,1,1,8,YouTube,87,11,4,0
770616043,SEM FORMAÇÃO,UFRJ,Supervisor,Laminados,1,1,1,2,Facebook,22,7,6,0
321748368,Bacharelado,FATEC,Analista,Siderurgica,1,1,1,5,Google,26,3,1,0
759505579,Tecnólogo,UFF,Diretor,Siderurgica,0,0,1,3,Mídia (revista/jornal/web),81,22,13,0
567583506,MBA,UFPE,SEM EXPERIÊNCIA,e-commerce,1,1,1,4,Linkedin,20,10,8,0
239391795,Especialização,FGV-RJ,Diretor,Entretenimento,1,1,1,3,Mídia (revista/jornal/web),30,2,1,0
292639113,Especialização,UNIVERSIDADE ESTADUAL DE PONTA GROSSA,Advogado,Borracha,1,1,1,10,Mídia (revista/jornal/web),31,2,1,0
109208521,Licenciatura,Unesp,Advogado,Eletrodomesticos,0,0,1,5,Linkedin,27,6,5,0
922004530,Especialização,Universidade Metodista de Sao Paulo,Gerente,Borracha,0,0,1,8,YouTube,314,175,155,4
282600430,SEM FORMAÇÃO,UFSCar,Analista,e-commerce,0,0,1,4,Mídia (revista/jornal/web),82,17,9,0
774380059,Especialização,UFSCar,Engenheiro,Oleo e Gas,1,1,1,8,Saint Paul,26,10,9,0
857062036,Bacharelado,FATEC,Engenheiro,servicos,0,0,1,7,Outros,30,25,18,0
676053668,SEM FORMAÇÃO,UNIP,Advogado,Montadora,0,0,1,8,Outros,10,10,10,0
325278907,Licenciatura,Unesp,Analista Senior,Laminados,1,1,1,9,Linkedin,263,108,77,0
471983321,Tecnólogo,Escola Paulista de Direito,Analista,Siderurgica,1,1,1,10,Outros,10,3,1,0
695937073,SEM FORMAÇÃO,UFF,Coordenador,Oleo e Gas,1,1,1,7,Linkedin,20,5,4,0
333723037,Bacharelado,UNIVERSIDADE NOVE DE JULHO,Analista Senior,Estado,0,0,1,5,Outros,10,4,3,0
731058117,Bacharelado,FGV-RJ,Assessor,e-commerce,1,1,1,2,Mídia (revista/jornal/web),30,3,3,0
990829282,Licenciatura,UFF,Diretor,Siderurgica,1,1,1,3,Facebook,67,37,28,0
135459341,MBA,Unesp,Supervisor,servicos,1,1,1,8,Instagram,40,4,1,0
385872611,SEM FORMAÇÃO,UNICAMP,Supervisor,servicos,1,1,1,10,Saint Paul,27,6,4,0
769803220,Tecnólogo,Universidade Metodista de Sao Paulo,Outros,Siderurgica,0,0,1,10,Linkedin,54,54,54,0
265663179,Especialização,FGV-RJ,Analista,Estado,0,0,1,3,YouTube,41,7,3,0
954225659,Tecnólogo,UFPE,Analista,Laminados,1,1,1,10,YouTube,132,31,23,0
695140994,Tecnólogo,UNIVERSIDADE NOVE DE JULHO,Analista,Eletrodomesticos,1,1,1,6,Outros,46,7,3,0
122123933,Bacharelado,USP,Gerente,servicos,0,0,1,6,Minha empresa - benefício LITpass,27,18,16,0
634934496,Especialização,Universidade Metodista de Sao Paulo,Engenheiro,Entretenimento,0,0,1,8,Saint Paul,27,3,1,0
880403364,MBA,UFRJ,Diretor,Laminados,0,0,1,9,Instagram,97,6,2,0
171517707,Tecnólogo,USP,Coordenador,Estado,1,1,1,5,Mídia (revista/jornal/web),216,130,126,0
186589694,Especialização,FATEC,Assessor,Oleo e Gas,0,0,1,8,Minha empresa - benefício LITpass,33,6,3,0
153537653,Bacharelado,UFSCar,Analista Senior,Estado,1,1,1,5,Outros,10,7,2,0
945968416,MBA,UFPE,Advogado,e-commerce,1,1,1,2,Linkedin,53,9,6,0
738890078,MBA,UNIVERSIDADE CRUZEIRO DO SUL,Analista Senior,servicos,1,1,1,6,Minha empresa - benefício LITpass,83,83,83,3
164819156,Licenciatura,UFRJ,Engenheiro,e-commerce,1,1,1,10,Minha empresa - benefício LITpass,99,95,93,1
508938471,Tecnólogo,UEPB,Gerente,Laminados,1,1,1,5,Saint Paul,323,293,292,0
483763001,SEM FORMAÇÃO,USP,Coordenador,Eletrodomesticos,0,0,1,7,YouTube,30,24,20,0
177328514,Especialização,UFRJ,Analista Senior,Siderurgica,1,1,1,3,Minha empresa - benefício LITpass,38,3,1,0
299889756,SEM FORMAÇÃO,FATEC,Assessor,Siderurgica,1,1,1,8,Outros,19,11,10,0
703200450,MBA,UNIVERSIDADE CRUZEIRO DO SUL,Coordenador,Laminados,1,1,1,8,YouTube,26,4,2,0
356497726,Tecnólogo,Universidade Metodista de Sao Paulo,Sócio/Dono/Proprietário,Montadora,1,1,1,2,Mídia (revista/jornal/web),97,8,3,0
962862424,MBA,UNIVERSIDADE CRUZEIRO DO SUL,Analista Senior,Eletrodomesticos,1,1,1,7,YouTube,70,70,70,0
239601511,Bacharelado,UFRN,Engenheiro,Eletrodomesticos,0,0,1,6,Outros,23,18,17,0
323918230,Bacharelado,UFF,Supervisor,Entretenimento,0,0,1,10,Instagram,136,103,101,0
216603804,Especialização,USP,Supervisor,Eletroeletronicos,1,1,1,3,Mídia (revista/jornal/web),29,5,2,0
478123528,Licenciatura,UNIVERSIDADE NOVE DE JULHO,Analista,Entretenimento,0,0,1,4,Linkedin,88,30,27,0
197286553,Tecnólogo,UFPE,Coordenador,e-commerce,0,0,1,5,Outros,116,114,111,4
448810092,MBA,UFRN,Assessor,Oleo e Gas,1,1,1,2,Google,40,6,3,0
946835363,Tecnólogo,UNIVERSIDADE NOVE DE JULHO,Coordenador,Siderurgica,1,1,1,6,Facebook,10,3,1,0
561716099,Especialização,UFRJ,Coordenador,Entretenimento,1,1,1,6,Outros,84,31,17,0
987103860,Licenciatura,INSPER INSTITUTO DE ENSINO E PESQUISA,Gerente,Estado,0,0,1,3,Instagram,33,3,1,0
886667985,Tecnólogo,Universidade Metodista de Sao Paulo,Gerente,Oleo e Gas,1,1,1,2,Facebook,10,10,10,0
749429805,SEM FORMAÇÃO,UNIVERSIDADE NOVE DE JULHO,Advogado,Eletrodomesticos,1,1,1,9,Minha empresa - benefício LITpass,29,28,26,0
370286199,Especialização,UFRJ,Coordenador,Estado,1,1,1,9,Outros,60,15,11,0
440002380,MBA,UFPE,Engenheiro,Eletrodomesticos,1,1,1,5,Facebook,88,64,59,1
900075204,Especialização,UFRN,Assessor,Siderurgica,0,0,1,7,Outros,88,61,58,2
814627449,Tecnólogo,UNIVERSIDADE PRESBITERIANA MACKENZIE,Advogado,Laminados,1,1,1,7,Outros,27,22,22,0
342699869,Bacharelado,FATEC,Assessor,Eletroeletronicos,0,0,1,7,Linkedin,71,4,2,0
669169378,Tecnólogo,CENTRO UNIVERSITÁRIO ESTÁCIO DA SÁ,Outros,Eletroeletronicos,0,0,1,5,Instagram,73,21,8,0
906723187,MBA,Escola Paulista de Direito,Outros,Oleo e Gas,0,0,1,3,Minha empresa - benefício LITpass,10,10,10,1
781056771,Licenciatura,UFRN,Engenheiro,Oleo e Gas,0,0,1,4,Facebook,10,10,10,0
541100040,Especialização,UFRN,Analista Senior,e-commerce,1,1,1,10,Mídia (revista/jornal/web),21,12,10,0
307276826,Especialização,UNIVERSIDADE ESTADUAL DE PONTA GROSSA,Sócio/Dono/Proprietário,servicos,0,0,1,5,Linkedin,11,4,2,0
296539566,SEM FORMAÇÃO,UNICAMP,Sócio/Dono/Proprietário,e-commerce,0,0,1,6,YouTube,222,126,112,0
369328438,Bacharelado,UFRJ,Analista Senior,Eletroeletronicos,1,1,1,8,Google,27,2,1,0
545016860,MBA,INSPER INSTITUTO DE ENSINO E PESQUISA,Advogado,Entretenimento,0,0,1,3,Minha empresa - benefício LITpass,27,27,27,0
665320409,MBA,FGV-RJ,Diretor,e-commerce,1,1,1,10,Saint Paul,141,11,5,0
986500381,Especialização,UNIVERSIDADE ESTADUAL DE PONTA GROSSA,Outros,Eletrodomesticos,1,1,1,3,Minha empresa - benefício LITpass,53,25,18,0
185878063,SEM FORMAÇÃO,CENTRO UNIVERSITÁRIO ESTÁCIO DA SÁ,Sócio/Dono/Proprietário,Borracha,0,0,1,3,YouTube,62,27,23,0
903981206,SEM FORMAÇÃO,FATEC,Sócio/Dono/Proprietário,Siderurgica,0,0,1,5,Minha empresa - benefício LITpass,75,57,55,1
509235947,SEM FORMAÇÃO,UNIVERSIDADE ESTADUAL DE PONTA GROSSA,Diretor,Estado,0,0,1,8,Facebook,27,15,15,0
534785083,SEM FORMAÇÃO,UFSCar,Diretor,Entretenimento,1,1,1,4,Google,26,5,2,0
859525284,MBA,FATEC,Assessor,Entretenimento,1,1,1,6,Linkedin,10,3,1,0
850830301,Especialização,FACULDADE ANHANGUERA,Supervisor,Entretenimento,0,0,1,3,Linkedin,22,4,1,0
491197659,Licenciatura,UFPE,Coordenador,Siderurgica,1,1,1,7,Minha empresa - benefício LITpass,10,3,1,0
254948119,Especialização,FATEC,Supervisor,servicos,0,0,1,8,YouTube,58,56,53,0
610760709,Tecnólogo,FACULDADE ANHANGUERA,Diretor,Laminados,1,1,1,7,Outros,61,48,38,0
930520546,Tecnólogo,FACULDADE ANHANGUERA,Supervisor,e-commerce,0,0,1,10,Outros,206,195,187,6
396923567,MBA,USP,Analista Senior,Eletroeletronicos,0,0,1,7,Saint Paul,67,20,13,0
168640157,MBA,Universidade Metodista de Sao Paulo,Engenheiro,Siderurgica,0,0,1,5,Saint Paul,58,51,36,0
874070761,Especialização,UNIVERSIDADE NOVE DE JULHO,SEM EXPERIÊNCIA,Estado,1,1,1,5,Google,31,4,1,0
616561594,Tecnólogo,UFSCar,Advogado,Eletrodomesticos,0,0,1,5,Instagram,10,4,2,0
741745189,SEM FORMAÇÃO,UNIVERSIDADE NOVE DE JULHO,Coordenador,Borracha,0,0,1,2,YouTube,245,63,45,1
996387882,Bacharelado,UFRN,Assessor,Estado,1,1,1,8,Google,163,111,96,0
668869418,Bacharelado,UFSCar,Gerente,Siderurgica,1,1,1,9,Facebook,56,10,4,0
676531718,Tecnólogo,FATEC,Outros,servicos,1,1,1,9,Mídia (revista/jornal/web),138,60,30,0
388402340,Especialização,UNIP,Advogado,Montadora,0,0,1,9,Mídia (revista/jornal/web),22,20,19,0
